t,front,diss_cum,ke
0.0,4.500000039070063,1.0367600982608074e-42,2.073520196521615e-38
1.0,4.627171555065907,1.111805949558351e-19,2.461881223502643e-17
2.0,4.964214422752699,3.834445496861711e-13,3.9998373016289366e-11
3.0,5.419837534572408,1.2939987295360565e-09,8.146209785680976e-08
4.0,5.816557863204418,2.1083527664999057e-07,8.567718752265446e-06
5.0,6.241519424628038,5.734323291315082e-06,0.00015105920553622548
6.0,6.683386433004099,4.8064984708819475e-05,0.0008082476489810283
7.0,7.1489688968626135,0.00018522625892736228,0.001966918871143039
8.0,7.672418614510756,0.000433825624981523,0.002910706058186148
9.0,8.217635326176861,0.0007456420213239959,0.0032272823397758075
10.0,8.780854364657642,0.0010657777510516902,0.0031397782188922765
11.0,9.344851657237953,0.001371376516464809,0.002978712914833482
12.0,9.885101057752783,0.001663948888070324,0.00288349477907886
13.0,10.423905599411578,0.001948900086431617,0.0028143681677209225
14.0,10.937352393294812,0.0022265257689450847,0.0027392800851846998
15.0,11.442099897310008,0.0024976646418942232,0.002690124138100209
16.0,11.927104114726166,0.0027656239119395218,0.002671614545832454
17.0,12.398362791881937,0.003031963527491505,0.0026538011847550232
18.0,12.85068882248458,0.0032961952713129353,0.0026306003307866987
19.0,13.294909937138415,0.003558032855386463,0.0026052315471658287
20.0,13.721636611896887,0.0038168683320580284,0.0025692974528206264
21.0,14.145758898580972,0.004071594370150774,0.0025247461720611596
22.0,14.55907669573864,0.004321878195819113,0.0024818498632030042
23.0,14.967380185233049,0.004568202456882599,0.0024462061696822477
24.0,15.374521366687063,0.004811561261599812,0.0024238456557641236
25.0,15.771184064651477,0.00505360973426836,0.002420503439406565
26.0,16.174103621334886,0.005296321163226247,0.002436719085742547
27.0,16.566288298215202,0.005541492814060345,0.0024690669669296104
28.0,16.965806575015446,0.005790498197143186,0.0025122288847622028
29.0,17.36620886995294,0.006044070095038334,0.002559163724449826
30.0,17.76747851959566,0.006302210068989921,0.002602614555891135
31.0,18.180657646197783,0.006564326475735119,0.0026380195058460995
32.0,18.590130979159913,0.006829451610676252,0.002662486257306722
33.0,19.007939400998332,0.007096389307458288,0.0026740840149021856
34.0,19.425316038869187,0.007363846444082196,0.0026729106230416353
35.0,19.840679518071013,0.007630553793900227,0.0026592507829027185
36.0,20.261535809418646,0.007895297062777059,0.002633774348995065
37.0,20.674740361012066,0.008156997746558193,0.0025989163250881684
38.0,21.09073543279492,0.008414866515180768,0.0025578172272528697
39.0,21.5041047520686,0.008668485861035857,0.0025145530874775717
40.0,21.911760327082096,0.008917859717031072,0.002473699315539153
41.0,22.3255766431775,0.009163426425389486,0.002439018430620003
42.0,22.728439787037782,0.009405976837091245,0.002413699620035882
43.0,23.138709965700762,0.009646546396432773,0.00239970890888622
44.0,23.541129271787977,0.009886313240445536,0.0023976554883290264
45.0,23.945991983444937,0.010126472818479004,0.002407319364959734
46.0,24.35349302183321,0.010368110110140204,0.0024269027777773546
47.0,24.756091993198215,0.010612083502823865,0.0024534247416008637
48.0,25.168308699473855,0.010858914468920369,0.0024833721151955902
49.0,25.572873600624078,0.011108738197209056,0.00251273819415135
50.0,25.984662988150774,0.011361327133760599,0.00253809593171145
51.0,26.394250074487474,0.01161614342834845,0.002556934676281985
52.0,26.80214383238189,0.01187243466620705,0.0025674703935291785
53.0,27.21631811011773,0.012129339333636717,0.0025690933765081542
54.0,27.623984403608876,0.012385965624694963,0.0025620354511914326
55.0,28.035267778725192,0.012641480866024995,0.002547131013727202
56.0,28.44669204496873,0.01289518810981115,0.002526144340589157
57.0,28.853126090063295,0.013146583212379,0.0025013542668597824
58.0,29.267130382919408,0.013395411563232403,0.0024752582715815456
59.0,29.672378342210564,0.013641681929371234,0.002450564606885493
60.0,30.083257704909396,0.013885649714060116,0.002429618279060824
61.0,30.49101172948301,0.014127788077046236,0.0024142191676237573
62.0,30.896623077333924,0.014368724476266337,0.0024056904718205573
63.0,31.30873336647839,0.014609171358178985,0.002404494901521825
64.0,31.712664740016443,0.014849856370511762,0.00241030775043523
65.0,32.12543540426761,0.015091437194745788,0.0024221592216785576
66.0,32.530788154861945,0.015334431382419224,0.0024382863634901794
67.0,32.93963877298053,0.015579165943675727,0.002456560700805637
68.0,33.34944482544619,0.015825745758725945,0.0024748309258086462
69.0,33.7543084897665,0.016074061761485552,0.002491006275017274
70.0,34.166456772864656,0.01632382323755818,0.002503478620731137
71.0,34.57133799574057,0.01657459995514718,0.0025111870264008917
72.0,34.97975256632499,0.016825880025147098,0.002513521800145975
73.0,35.389358430784135,0.017077125705728852,0.0025105156365362114
74.0,35.79425555773669,0.017327823407345195,0.002502710558451161
75.0,36.206818656699454,0.017577536812487568,0.002491036365816974
76.0,36.612649702762326,0.01782594698588786,0.002476866162862865
77.0,37.022019061424274,0.018072877940615507,0.0024617370868879693
78.0,37.432635175387674,0.018318311490041622,0.0024471687645855333
79.0,37.83837414650277,0.018562378994654887,0.0024346123360894016
80.0,38.25220760590168,0.018805338474237418,0.0024251874420863715
81.0,38.65757889879893,0.019047544517678556,0.002419625313288462
82.0,39.06963881015033,0.019289405424600514,0.002418289274456477
83.0,39.47747946144213,0.019531339241448967,0.002421044891081487
84.0,39.88436457242327,0.01977373262896779,0.00242734657512229
85.0,40.2962218142753,0.02001689965993646,0.0024363411831282785
86.0,40.70025157586484,0.020261052881569604,0.002446885226193748
87.0,41.11199534657905,0.020506287752517578,0.0024577570459422865
88.0,41.51683627835941,0.020752577676837622,0.0024678020325972867
89.0,41.923498134780225,0.02099978593875718,0.0024759861660900587
90.0,42.3332246069532,0.021247687809259105,0.0024815621700284432
91.0,42.73707810770575,0.021495997557265945,0.0024841040122107042
92.0,43.14851617454322,0.021744402435051904,0.002483482282086668
93.0,43.55429737253354,0.02199259565473487,0.0024799220788427312
94.0,43.96196414471758,0.022240305589104354,0.002473927886537582
95.0,44.37348888685086,0.022487322457850657,0.002466197523127639
96.0,44.778893395145026,0.022733515713276416,0.0024575953730490672
97.0,45.19252745129352,0.022978842103620795,0.002449015000223143
98.0,45.59894902802986,0.023223346463928245,0.0024412858696955713
99.0,46.009146189355285,0.023467151976447224,0.0024351354312881863
100.0,46.41955690782199,0.023710443549260656,0.002431081878674205
101.0,46.82537634716427,0.02395344743132113,0.0024294053014171464
102.0,47.23849765322208,0.024196406001457567,0.0024301557433261596
103.0,47.64299372529288,0.02443955267023288,0.0024331189017562337
104.0,48.05390870244051,0.024683089455063492,0.0024378673349611107
105.0,48.46054912097074,0.024927167059018325,0.0024438250891209274
106.0,48.865973031655905,0.025171872086100586,0.002450303470585882
107.0,49.27697790400021,0.025417221884050673,0.0024566021021470985
108.0,49.680561736417204,0.025663165690408912,0.0024620850557635025
109.0,50.091330791270735,0.0259095938862016,0.0024662196167795592
110.0,50.49751743147083,0.02615635263507894,0.002468648276156407
111.0,50.903859706178984,0.026403261317151334,0.0024692093840213607
112.0,51.3155996194398,0.026650132668856893,0.0024679260367227707
113.0,51.72047654382131,0.02689679199800799,0.0024650152972627145
114.0,52.13304908302082,0.027143093588931105,0.0024608454201041495
115.0,52.540097835809625,0.027388934229966907,0.0024558828633559618
116.0,52.948306212607996,0.027634261274836286,0.002450660208680923
117.0,53.36028329288002,0.027879075144305265,0.00244570715679088
118.0,53.765551824212224,0.02812342722421091,0.0024414971072373604
119.0,54.17873857271803,0.028367412294374682,0.002438418062300825
120.0,54.58428460018689,0.028611157082300706,0.0024367237117522344
121.0,54.993486034439535,0.028854806620432542,0.0024365162126698567
122.0,55.40274419766209,0.029098508655813968,0.0024377506108718278
123.0,55.80745942718981,0.029342398506486927,0.0024402309132484303
124.0,56.21955055911108,0.02958658600989419,0.002443641494027216
125.0,56.62364533268375,0.02983114502636218,0.002447589485685236
126.0,57.03350156223859,0.0300761074289159,0.002451638062964522
127.0,57.44103333093846,0.030321461900622574,0.002455362022703975
128.0,57.84632617106764,0.03056715688634171,0.002458393293343991
129.0,58.25841289988191,0.030813107960043558,0.0024604477171834456
130.0,58.662994584337575,0.03105920819912223,0.0024613580140618913
131.0,59.07424791737303,0.03130534000701823,0.002461083419541042
132.0,59.481944945057705,0.031551387755421906,0.0024597012563591174
133.0,59.88858713281596,0.031797249459303005,0.0024574009017981264
134.0,60.301131573180896,0.03204284631194885,0.0024544561246439716
135.0,60.70609556782657,0.032288129763078495,0.002451190401688067
136.0,61.11845471070166,0.032533085072868305,0.00244794910414953
137.0,61.5251972002059,0.032777731244040334,0.0024450595915070047
138.0,61.93263956489064,0.03302211783102115,0.00244279791863509
139.0,62.34398347250548,0.03326631859116969,0.0024413681588187773
140.0,62.74846155832743,0.0335104229124891,0.0024408793954484587
141.0,63.16082144344139,0.033754526136691165,0.00244133844364178
142.0,63.566016410673676,0.03399871939633859,0.0024426563476067265
143.0,63.97431836345056,0.03424308030870236,0.002444656541960733
144.0,64.38396613462297,0.0344876655558397,0.0024470986013678166
145.0,64.78858140007793,0.034732505781239084,0.0024497084522029982
146.0,65.20094905024041,0.03497760356246197,0.0024522049453285194
147.0,65.60575749555159,0.03522293450760009,0.002454332394989069
148.0,66.0154586867249,0.035468450987854186,0.0024558870407982237
149.0,66.42429125888498,0.03571408823670725,0.0024567325459770497
150.0,66.8297496975668,0.03595977192961008,0.0024568134198536596
151.0,67.24243302371043,0.036205426248737425,0.002456156419683824
152.0,67.64734645284064,0.03645098181683751,0.002454861477524878
153.0,68.05832526992452,0.03669638255413656,0.0024530906443929693
154.0,68.46634649941507,0.036941590776560715,0.00245104770648542
155.0,68.87248193958119,0.037186590293095075,0.0024489541193917406
156.0,69.28488220178336,0.03743138711186747,0.0024470279220066274
157.0,69.68944882452121,0.03767600779829176,0.002445460066794501
158.0,70.1012120471365,0.0379204958781491,0.00244439525309519
159.0,70.50785071960233,0.03816490656589885,0.0024439207202845573
160.0,70.91469163780583,0.03840930048512576,0.00244405792494219
161.0,71.32610534283835,0.03865373715468129,0.002444763073779789
162.0,71.7304696437332,0.038898268794444725,0.002445935908121592
163.0,72.14268027555322,0.03914293518512519,0.0024474312166062745
164.0,72.54830778323125,0.03938776012125585,0.002449076746153986
165.0,72.9562407960356,0.03963274965510664,0.002450693577454535
166.0,73.36666451065666,0.03987789232931961,0.0024521139066879236
167.0,73.7713654321715,0.04012316126608328,0.002453198889650396
168.0,74.18391338711709,0.040368517710327616,0.002453852071583363
169.0,74.58915992058309,0.04061391566656522,0.00245402607186367
170.0,74.99835161764223,0.04085930705531976,0.0024537258723688602
171.0,75.40789380457694,0.04110464677632199,0.0024530056338150285
172.0,75.81309149847128,0.04134989724642866,0.0024519597692980503
173.0,76.22581076203943,0.041595031928333505,0.0024507121272799525
174.0,76.63071660429897,0.041840037515588235,0.002449401513235839
175.0,77.04117358896937,0.0420849146848026,0.0024481660921560774
176.0,77.44946006424493,0.042329677350363,0.00244712995942896
177.0,77.85519859528841,0.04257435056658076,0.0024463905151218364
178.0,78.26762314004338,0.04281896740762425,0.0024460093378426344
179.0,78.6721322728604,0.04306356513851325,0.002446008158764791
180.0,79.08355644909085,0.04330818112597916,0.002446367984697308
181.0,79.49051008348954,0.043552848961933566,0.0024470330022604804
182.0,79.8970081133428,0.04379759514686253,0.002447918762064522
183.0,80.30872827183845,0.044042436683751414,0.002448921914760744
184.0,80.71313137179112,0.04428737980523375,0.0024499321069335863
185.0,81.12517212763348,0.044532419869245735,0.0024508442182250454
186.0,81.53123435067289,0.04477754240257031,0.002451568526655871
187.0,81.93870245527276,0.04502272512212252,0.002452039452626182
188.0,82.3496838774772,0.04526794063893034,0.002452221242390627
189.0,82.7543072720286,0.04551315955781869,0.002452109650890576
190.0,83.16680923174981,0.04575835362401285,0.002451731011917963
191.0,83.57233562285961,0.046003498569540974,0.0024511379500524104
192.0,83.98098253462265,0.046248576413300005,0.0024504022764073744
193.0,84.39106111797126,0.046493576994125076,0.0024496069200280364
194.0,84.79604513807246,0.04673849860838462,0.0024488367645533536
195.0,85.20876631425936,0.04698334775908653,0.0024481696078789274
196.0,85.61375910871047,0.04722813806867612,0.00244766880534502
197.0,86.02375258837048,0.047472888507363004,0.002447377357793492
198.0,86.43241964373327,0.047717621173176225,0.0024473143912518086
199.0,86.83787618421444,0.04796235885490365,0.002447474651382874
200.0,87.25036341870495,0.048207122645574745,0.0024478301238851897
201.0,87.65491831063919,0.048451929862358634,0.002448334049660771
202.0,88.06594624456731,0.04869679245542552,0.0024489269225982605
203.0,88.47331885142856,0.04894171605338326,0.0024495431013334657
204.0,88.87945208870073,0.04918669971694019,0.0024501179254079928
205.0,89.29146060142766,0.0494317363745516,0.0024505944550968143
206.0,89.69590238069577,0.04967681386768321,0.002450928734753374
207.0,90.1077069866909,0.0499219164677132,0.0024510936920853054
208.0,90.51421060221811,0.050167026671320655,0.0024510810879582626
209.0,90.92126250372493,0.050412127086057745,0.002450901216068421
210.0,91.33270093069929,0.050657202207714774,0.0024505809731780056
211.0,91.73727370917004,0.050902239905220595,0.002450160268645905
212.0,92.14967912321805,0.05114723248879171,0.002449687164623054
213.0,92.55547225326275,0.05139217726995504,0.0024492126540707074
214.0,92.96364431791467,0.0516370765782045,0.002448785305845254
215.0,93.37414235466198,0.05188193727037655,0.0024484463512656554
216.0,93.77894390139629,0.05212676980150979,0.0024482259513995447
217.0,94.19159233818436,0.05237158697331456,0.0024481406464705218
218.0,94.5967072166626,0.05261640251029057,0.002448192294938971
219.0,95.00614934023405,0.0528612296108937,0.0024483687180956687
220.0,95.41527771243943,0.053106079624130116,0.0024486455896476802
221.0,95.82046999100244,0.0533509609845236,0.0024489895107252576
222.0,96.23301865123615,0.05359587849628299,0.0024493619551033733
223.0,96.63769195137357,0.053840833023804685,0.002449723395031191
224.0,97.04829142772984,0.054085821602937074,0.002450037398778135
225.0,97.45618470278517,0.05433083793500402,0.0024502742394329254
226.0,97.8620174411344,0.05457587319626769,0.0024504135291654842
227.0,98.27429936820454,0.054820917066263554,0.0024504458487754482
228.0,98.67882156789666,0.05506595885387719,0.0024503731814763756
229.0,99.09036602092065,0.055310988605973326,0.002450208092365472
230.0,99.49729620208716,0.055555998086566014,0.0024499719474933763
231.0,99.90397703549309,0.055800981530118324,0.0024496923218698475
232.0,100.31574411671039,0.05604593610844476,0.002449399847223334
233.0,100.720260916313,0.056290862075767466,0.0024491249785219657
234.0,101.13247236077304,0.05653576259187137,0.002448894911774834
235.0,101.53851690679413,0.056780643259824265,0.0024487309348301045
236.0,101.94620229335544,0.05702551143664201,0.0024486465840335894
237.0,102.35706587719847,0.05727037539774057,0.0024486466238275075
238.0,102.76170935749477,0.05751524344860069,0.002448726955730554
239.0,103.17424832446503,0.05776012307544439,0.0024488754967391534
240.0,103.57956241692034,0.0580050202191702,0.002449073768023211
241.0,103.98843168334409,0.0582499387427903,0.0024492990837250016
242.0,104.39811789957673,0.05849488013608719,0.0024495270929317595
243.0,104.8031138771642,0.05873984347617674,0.002449734326754201
244.0,105.21573040326186,0.05898482563806971,0.0024499005590328743
245.0,105.62058575940135,0.0592298217190726,0.002450010731785886
246.0,106.03074056661944,0.059474825624766,0.0024500562335724434
247.0,106.43918004389268,0.05971983074981937,0.002450035473343566
248.0,106.84475036497706,0.059964830677236555,0.002449953722627278
249.0,107.25722087912276,0.06020981982604293,0.002449822235993034
250.0,107.66181858686606,0.060454793982924006,0.0024496568218678265
251.0,108.07302542978654,0.060699750668398146,0.0024494760264411066
252.0,108.48035485836701,0.060944689309268,0.0024492990879208454
253.0,108.8866670912511,0.06118961120778608,0.0024491439507151975
254.0,109.29867593479848,0.0614345193203289,0.002449025492156344
255.0,109.70315254457596,0.06167941787705579,0.0024489541236239554
256.0,110.11510930993855,0.0619243118888721,0.002448934949442593
257.0,110.52145511455623,0.06216920659675618,0.0024489674787591086
258.0,110.92868526998711,0.062414106923079055,0.002449045930690252
259.0,111.33991622385138,0.06265901698132238,0.0024491600834502646
260.0,111.74446338428741,0.062903939690795,0.0024492965215438377
261.0,112.15688237301015,0.06314887653280467,0.0024494401657223163
262.0,112.56246710362424,0.06339382746567232,0.002449575903645141
263.0,112.97081756758544,0.06363879100007028,0.0024496901453006804
264.0,113.38103855690228,0.06388376442060784,0.002449772146927762
265.0,113.78587933652132,0.06412874412237382,0.0024498149888276055
266.0,114.1985141454971,0.06437372602373755,0.002449816106733586
267.0,114.60356600580401,0.06461870600890882,0.002449777345854053
268.0,115.01322013610475,0.06486368035290274,0.002449704575925889
269.0,115.42219716180546,0.06510864608685361,0.0024496068883975556
270.0,115.82751737145733,0.06535360126804458,0.002449495512531091
271.0,116.24009538637466,0.06559854513191764,0.002449382566150639
272.0,116.64477851281822,0.06584347811545269,0.002449279753454656
273.0,117.0555847078369,0.0660884017557841,0.002449197189033543
274.0,117.46333695790918,0.06633331848016044,0.0024491424246188163
275.0,117.86930997748955,0.06657823131359812,0.002449119786869222
276.0,118.28152467791791,0.066823143539046,0.002449130087861498
277.0,118.68600938801015,0.06706805834618873,0.002449170699237538
278.0,119.09767865218193,0.06731297850671321,0.0024492359893461845
279.0,119.50438768265492,0.06755790610806499,0.0024493180437613763
280.0,119.91120825881472,0.06780284236997793,0.002449407593160488
281.0,120.32278588481097,0.06804778756006849,0.002449495034413263
282.0,120.72728178645399,0.06829274101127372,0.0024495714384098646
283.0,121.13954311606075,0.06853770123538148,0.002449629445926242
284.0,121.5454326060896,0.06878266611615004,0.002449663945906547
285.0,121.95329907309186,0.06902763315777248,0.002449672504061777
286.0,122.36399168081718,0.06927259976116074,0.002449655482624892
287.0,122.7686988548892,0.06951756349722664,0.002449615866247853
288.0,123.1812886316399,0.06976252234979428,0.002449558835405059
289.0,123.58655056919376,0.07000747490402363,0.0024494911159111646
290.0,123.99565337033117,0.07025242046353769,0.002449420216326328
291.0,124.40517657918298,0.07049735908795722,0.002449353612077503
292.0,124.81027345467167,0.07074229154997298,0.0024492979711649627
293.0,125.2229061053699,0.0709872192212895,0.002449258509508937
294.0,125.6277093832611,0.07123214390174362,0.002449238515047583
295.0,126.0380696367738,0.07147706761246087,0.0024492391063680014
296.0,126.44628964949895,0.07172199237644034,0.002449259218680108
297.0,126.85196292161203,0.07196692000903705,0.002449295821073067
298.0,127.26435105291414,0.07221185194072682,0.002449344327857895
299.0,127.6688882319019,0.07245678908791564,0.002449399144093671
300.0,128.08023002043117,0.07270173178336287,0.002449454300744658
301.0,128.4873459705231,0.07294667977061187,0.002449504083721514
302.0,128.89379257593527,0.07319163225919183,0.0024495436163106785
303.0,129.3056719331765,0.07343658803283933,0.0024495693226962096
304.0,129.71014663439823,0.07368154559595501,0.0024495792280122028
305.0,130.12219961459436,0.07392650334192942,0.002449573091124278
306.0,130.5284171910181,0.07417145972461575,0.0024495523359987243
307.0,130.93582970838025,0.07441641341476733,0.002449519826323236
308.0,131.3469325736771,0.07466136342677542,0.0024494794983582016
309.0,131.7515324882725,0.07490630920309352,0.0024494358969090186
310.0,132.1640229394441,0.07515125065067373,0.002449393682444549
311.0,132.56952199372125,0.07539618812749489,0.002449357137453137
312.0,132.97808988150203,0.07564112238302423,0.0024493297483886363
313.0,133.38812597213376,0.0758860544617041,0.002449313883532863
314.0,133.79303428917888,0.07613098558024436,0.0024493106030096267
315.0,134.20567793407787,0.07637591699377085,0.0024493196195889966
316.0,134.61064073497076,0.07662084986445843,0.0024493393890205554
317.0,135.0205100231604,0.07686578514626616,0.0024493673391502535
318.0,135.42924063951395,0.07711072349728312,0.0024494001821474395
319.0,135.83464996973214,0.07735566522646435,0.0024494342900816084
320.0,136.24717021500803,0.07760061027954054,0.002449466089582707
321.0,136.6517952750871,0.07784555826271905,0.002449492420401177
322.0,137.06276316574483,0.0780905085002386,0.0024495108476431655
323.0,137.47031854745708,0.07833546011826963,0.002449519870120706
324.0,137.8764232552831,0.0785804121445261,0.0024495190296212116
325.0,138.28855254825584,0.0788253636135106,0.002449508907759146
326.0,138.69303465399153,0.0790703136652879,0.0024494910078703227
327.0,139.1048288423878,0.0793152616286444,0.002449467561030278
328.0,139.51140077941957,0.07956020708072171,0.0024494412536807996
329.0,139.91839104062353,0.07980514987774946,0.0024494149320923994
330.0,140.32985122169984,0.08005009015608461,0.0024493913021437293
331.0,140.73437543132152,0.08029502830389526,0.0024493726544895836
332.0,141.1467179382592,0.08053996490875372,0.002449360656789399
333.0,141.55248778529585,0.08078490068734856,0.002449356206810481
334.0,141.96055307284487,0.081029836405224,0.00244935938445771
335.0,142.37105914972628,0.0812747727960281,0.002449369482865293
336.0,142.77581377115547,0.08151971048755516,0.00244938511822982
337.0,143.1884243391132,0.08176464994280858,0.002449404411655183
338.0,143.59358334110723,0.0820095914207376,0.002449425199328322
339.0,144.00291484266788,0.08225453495976497,0.002449445275261543
340.0,144.4121931188869,0.08249948038512794,0.0024494626160517165
341.0,144.81737196240599,0.082744427337178,0.0024494755784067973
342.0,145.2299777964718,0.08298937531770992,0.00244948305300993
343.0,145.63472261412025,0.08323432374784173,0.00244948454449017
344.0,146.04526906424553,0.08347927203129098,0.0024494801984100457
345.0,146.45329343853342,0.08372421961653816,0.0024494707494492267
346.0,146.85908834477533,0.0839691660508112,0.0024494574179945204
347.0,147.27141640178925,0.08421411102181706,0.0024494417637984742
348.0,147.6759363570601,0.0844590543825882,0.002449425503528655
349.0,148.08742279592482,0.08470399615834037,0.0024494103345050495
350.0,148.49437939991344,0.08494893653551998,0.0024493977558025207
351.0,148.90097948727947,0.08519387583448475,0.00244938892787105
352.0,149.3127489391964,0.08543881447037978,0.002449384571477194
353.0,149.71723062861383,0.08568375290575099,0.0024493849109388957
354.0,150.12937811678069,0.08592869160094344,0.002449389682708419
355.0,150.53545385140333,0.08617363096716961,0.00244939817928384
356.0,150.94304930286773,0.08641857132661544,0.0024494093481661223
357.0,151.3539815859443,0.08666351288410926,0.002449421915539153
358.0,151.758616575092,0.08690845571164803,0.0024494345242009816
359.0,152.17114849014968,0.08715339974767164,0.0024494458827412145
360.0,152.57653789664684,0.0873983448098958,0.0024494548871458435
361.0,152.98532060695808,0.08764329061969685,0.0024494607305280674
362.0,153.39514389401043,0.08788823683558769,0.002449462968485193
363.0,153.80012500348766,0.08813318309095207,0.0024494615455573215
364.0,154.21276809444362,0.0883781290330018,0.002449456787031878
365.0,154.61766380082102,0.08862307435816001,0.0024494493401640187
366.0,155.02774093520307,0.08886801884066103,0.0024494400991992927
367.0,155.43626421617392,0.08911296235213341,0.0024494300975348455
368.0,155.8417812495589,0.08935790486975904,0.0024494203958028023
369.0,156.25425862374183,0.08960284647376711,0.0024494119755060608
370.0,156.65884821531176,0.08984778733412148,0.0024494056359057135
371.0,157.06997860909647,0.09009272768876703,0.0024494019282328807
372.0,157.47735272346,0.09033766781615936,0.002449401105341549
373.0,157.88359513564728,0.0905826080045171,0.0024494031124864444
374.0,158.29562769040876,0.09082754852208932,0.0024494076094046554
375.0,158.70010064504663,0.09107248959042007,0.002449414013461693
376.0,159.1120066215599,0.09131743136391898,0.0024494215781199636
377.0,159.51842304054142,0.09156237391734655,0.0024494294705606746
378.0,159.925582208853,0.0918073172417168,0.002449436865250848
379.0,160.33689491136755,0.09205226124950044,0.0024494430281258215
380.0,160.74144367575806,0.09229720578711142,0.0024494473836851913
381.0,161.15385010427434,0.09254215065393584,0.0024494495730857583
382.0,161.55950241233538,0.0927870956252041,0.0024494494734782182
383.0,161.96777014988135,0.09303204047602982,0.0024494472049166817
384.0,162.37808870665134,0.09327698500477884,0.0024494431044999963
385.0,162.78290413080464,0.0935219290523996,0.002449437679351648
386.0,163.19553566058661,0.09376687251691837,0.0024494315520651893
387.0,163.60061357555207,0.09401181536117045,0.0024494253840346217
388.0,164.0101731790147,0.09425675761341168,0.002449419812220078
389.0,164.41922686468826,0.0945016993615518,0.002449415381081485
390.0,164.82449827950344,0.09474664074099627,0.002449412490714472
391.0,165.23707722158477,0.09499158191870098,0.002449411366742239
392.0,165.64176948232065,0.09523652307439431,0.0024494120385841847
393.0,166.0524964260975,0.09548146438142777,0.002449414352878492
394.0,166.4603221744283,0.0957264059894394,0.0024494179926777024
395.0,166.86624020111142,0.095971348009806,0.0024494225194443718
396.0,167.27848983571081,0.09621629050626533,0.0024494274264647608
397.0,167.68298773461908,0.09646123349045051,0.0024494321884325682
398.0,168.09460551831117,0.09670617692319253,0.0024494363237014755
399.0,168.50139612898616,0.09695112072111293,0.0024494394354634126
400.0,168.90815227917176,0.09719606476706634,0.002449441252014307
401.0,169.31979775215024,0.09744100892410425,0.002449441649453042
402.0,169.72429272343612,0.0976859530503057,0.00244944065292423
403.0,170.1365257668383,0.09793089701373237,0.0024494384338270103
404.0,170.54247267661444,0.09817584070561819,0.0024494352781056724
405.0,170.95025798637548,0.098420784050264,0.0024494315562563398
406.0,171.36102285493013,0.09866572701153768,0.00244942767984166
407.0,171.7657047223302,0.09891066959444483,0.0024494240541982526
408.0,172.1782765464284,0.09915561184279346,0.002449421042986314
409.0,172.58356906081568,0.0994005538328128,0.0024494189253711604
410.0,172.99257453473754,0.09964549566357991,0.002449417877435211
411.0,173.40218062021393,0.09989043744596075,0.002449417955904871
412.0,173.80723943308644,0.10013537929032328,0.002449419096983066
413.0,174.21987311349076,0.10038032129539098,0.002449421133542561
414.0,174.62470153511526,0.10062526353854263,0.002449423810340772
415.0,175.03497795391397,0.10087020606877549,0.002449426821580042
416.0,175.44328910588223,0.10111514890324202,0.00244942984025995
417.0,175.8489159152733,0.10136009202674055,0.0024494325538175054
418.0,176.26133561821047,0.10160503539510744,0.0024494346989208534
419.0,176.66589129345496,0.10184997894103617,0.002449436080003912
420.0,177.07717344627184,0.10209492258213419,0.0024494365934437283
421.0,177.48437065653593,0.1023398662303239,0.0024494362278404866
422.0,177.89075644531138,0.1025848098009431,0.002449435063390115
423.0,178.30268646355776,0.10282975322159249,0.0024494332605725006
424.0,178.7071598639612,0.10307469643880351,0.002449431034567003
425.0,179.11917160125455,0.10331963942269004,0.002449428637475776
426.0,179.52544529676166,0.10356458216897725,0.002449426323665192
427.0,179.93278083191902,0.1038095246979593,0.0024494243277425
428.0,180.3439441826192,0.10405446705148395,0.002449422840860058
429.0,180.74852524024365,0.10429940928732946,0.002449421989544128
430.0,181.16098997733246,0.10454435147259576,0.002449421832279196
431.0,181.5665301702271,0.10478929367635059,0.0024494223495731653
432.0,181.97500653642967,0.10503423596223621,0.0024494234555221647
433.0,182.3851260582238,0.10527917838244259,0.002449425007632993
434.0,182.7900053190478,0.10552412097261694,0.0024494268225010883
435.0,183.20264667479134,0.1057690637492,0.0024494287021159787
436.0,183.60764429154486,0.10601400670863283,0.002449430447818922
437.0,184.01742277255906,0.10625894982860067,0.0024494318874971727
438.0,184.42625229225246,0.10650389307149798,0.002449432887985886
439.0,184.83162063097032,0.10674883638877658,0.002449433366921109
440.0,185.24416277506654,0.10699377972672981,0.002449433302615156
441.0,185.64880869826564,0.10723872303216125,0.0024494327266436095
442.0,186.05970757846578,0.10748366625779592,0.0024494317251415256
443.0,186.46734375816408,0.10772860936704186,0.0024494304217650446
444.0,186.87339186266829,0.10797355233695294,0.00244942896502497
445.0,187.28555858356705,0.10821849516018221,0.0024494275139577025
446.0,187.6900429965969,0.1084634378447822,0.0024494262156031974
447.0,188.10178586978964,0.10870838041264069,0.0024494251977095227
448.0,188.50841908699684,0.10895332289666843,0.0024494245500396956
449.0,188.9153377032103,0.10919826533661943,0.0024494243207200785
450.0,189.32685216876024,0.1094432077749457,0.0024494245137027296
451.0,189.7313653038158,0.10968815025206588,0.0024494250863244093
452.0,190.14367564523778,0.10993309280241573,0.002449425962805444
453.0,190.5494965262187,0.11017803545126319,0.002449427036559604
454.0,190.95747671037557,0.11042297821236972,0.0024494281878707233
455.0,191.3680623748938,0.1106679210874244,0.0024494292952912484
456.0,191.77279489397398,0.11091286406620914,0.0024494302456360023
457.0,192.18539654093792,0.11115780712840594,0.002449430951061843
458.0,192.59059607726692,0.11140275024617216,0.0024494313495524527
459.0,192.99982917982516,0.111647693387233,0.00244943141632283
460.0,193.40920968233183,0.11189263651866833,0.002449431161165958
461.0,193.81435225624898,0.11213757961004117,0.0024494306249978498
462.0,194.22696921071847,0.11238252263662042,0.0024494298786634275
463.0,194.63173795303197,0.11262746558154632,0.002449429007260303
464.0,195.04220601195294,0.11287240843709774,0.002449428107743032
465.0,195.45031377667382,0.11311735120524098,0.002449427273491245
466.0,195.85605696117298,0.11336229389666755,0.002449426586080188
467.0,196.2684128155182,0.1136072365295245,0.0024494261104384047
468.0,196.67294097396848,0.11385217912702938,0.0024494258829222794
469.0,197.0843674996413,0.11409712171483824,0.0024494259162917893
470.0,197.491393114983,0.11434206431844786,0.002449426193446189
471.0,197.8979276467997,0.11458700696033164,0.002449426673642455
472.0,198.30974587180842,0.11483194965806344,0.0024494272989549434
473.0,198.71422390135837,0.11507689242254752,0.0024494279962027927
474.0,199.12633246349614,0.1153218352573024,0.0024494286922337443
475.0,199.5324669052308,0.11556677815855128,0.002449429314481597
476.0,199.93998381706993,0.11581172111574724,0.002449429802973929
477.0,200.35098812572775,0.11605666411327027,0.002449430115075737
478.0,200.75560665141654,0.11630160713202288,0.002449430225713949
479.0,201.16812112399725,0.11654655015170119,0.0024494301353857697
480.0,201.57355524342418,0.11679149315294865,0.0024494298615768597
481.0,201.9822457834876,0.11703643611912777,0.0024494294420419377
482.0,202.39215961468062,0.11728137903815725,0.0024494289273220005
483.0,202.7971091346173,0.11752632190325046,0.0024494283734387153
484.0,203.20975332588776,0.11777126471355044,0.002449427841033627
485.0,203.61467753660787,0.11801620747387474,0.0024494273818031387
486.0,204.0246672197586,0.11826115019383977,0.0024494270404456105
487.0,204.4332793431587,0.11850609288687275,0.002449426846130888
488.0,204.83875037368026,0.11875103556836693,0.0024494268106542067
489.0,205.2512479038387,0.1189959782542519,0.002449426931710071
490.0,205.65585258384795,0.11924092095920823,0.0024494271873187292
491.0,206.0669152989411,0.11948586369519194,0.002449427546281871
492.0,206.47436622061332,0.11973080647051883,0.0024494279661584797
493.0,206.88054951914214,0.11997574928891809,0.0024494284004133483
494.0,207.29262410452876,0.12022069214964581,0.0024494288052709975
495.0,207.69709980898605,0.12046563504758748,0.0024494291386530785
496.0,208.10895917208555,0.12071057797403748,0.0024494293716119217
497.0,208.51543995348115,0.12095552091788156,0.002449429484008105
498.0,208.92252647583805,0.12120046386661439,0.002449429470119952
499.0,209.33390183077194,0.12144540680797362,0.00244942933854234
500.0,209.73843906388973,0.12169034973094889,0.002449429106641663
501.0,210.15081884779212,0.12193529262696713,0.002449428805016266
502.0,210.5565202048698,0.12218023549069927,0.002449428466522028
503.0,210.96470105245663,0.1224251783202622,0.0024494281282037927
504.0,211.37510052692693,0.1226701211175199,0.0024494278254152315
505.0,211.77988970844245,0.1229150638874436,0.0024494275860056443
506.0,212.1925136334027,0.12316000663762894,0.002449427433494204
507.0,212.59762604187827,0.12340494937736203,0.002449427377608497
508.0,213.00708981202658,0.1236498921164541,0.002449427420435122
509.0,213.41623918527736,0.12389483486445542,0.0024494275529387184
510.0,213.82147086124434,0.1241397776294019,0.002449427756023337
511.0,214.2340626581998,0.1243847204172916,0.002449428007276399
512.0,214.63877664578976,0.12462966323146468,0.0024494282766167187
513.0,215.04942809335816,0.12487460607232793,0.0024494285368811763
514.0,215.45733718432413,0.1251195489376544,0.002449428761337627
515.0,215.86320207940557,0.12536449182266127,0.0024494289279069124
516.0,216.2754855461718,0.12560943472088854,0.002449429023846492
517.0,216.67999164459295,0.12585437762477886,0.0024494290407015796
518.0,217.091554327631,0.1260993205265174,0.0024494289822521455
519.0,217.49841416968587,0.1263442634189971,0.0024494288572387006
520.0,217.90510312477556,0.12658920629625836,0.002449428681509651
521.0,218.31680192722357,0.12683414915433125,0.002449428476841991
522.0,218.72129056001475,0.1270790919913274,0.002449428263803291
523.0,219.13348815161572,0.12732403480762225,0.0024494280666360127
524.0,219.53948946089065,0.12756897760578204,0.0024494279035518836
525.0,219.94719347582756,0.12781392038998204,0.002449427789998069
526.0,220.358031024917,0.12805886316577986,0.0024494277360939632
527.0,220.76269262135426,0.12830380593922092,0.002449427742845531
528.0,221.17524883622778,0.12854874871633654,0.0024494278086141965
529.0,221.5805822165099,0.12879369150253778,0.002449427922122763
530.0,221.98949253090566,0.1290386343019236,0.0024494280701725744
531.0,222.39919208022962,0.12928357711718408,0.002449428236169034
532.0,222.8042171906985,0.12952851994911085,0.0024494284008126257
533.0,223.2168558166865,0.12977346279681762,0.002449428549128283
534.0,223.62171185555582,0.13001840565784037,0.0024494286647479
535.0,224.03190453824672,0.13026334852837787,0.0024494287385822392
536.0,224.4403046060205,0.13050829140397047,0.0024494287648563554
537.0,224.84588388238691,0.13075323427970784,0.0024494287422578013
538.0,225.25832871677113,0.13099817715101023,0.0024494286772093676
539.0,225.66289790613808,0.13124312001394328,0.0024494285764950514
540.0,226.07411640808243,0.1314880628655757,0.0024494284538182317
541.0,226.48138805447584,0.13173300570440105,0.0024494283221890172
542.0,226.8877122517019,0.13197794853015743,0.0024494281951768864
543.0,227.29968696209306,0.1322228913440721,0.0024494280870547528
544.0,227.70415971589088,0.1324678341484627,0.002449428006099749
545.0,228.116127643354,0.13271277694650255,0.0024494279611719945
546.0,228.52246167197396,0.13295771974195367,0.0024494279539911787
547.0,228.9297217177593,0.133202662538526,0.002449427983541397
548.0,229.3409498188758,0.1334476053397718,0.0024494280459900933
549.0,229.7455165863517,0.1336925481484892,0.002449428131522736
550.0,230.1579576483141,0.13393749096659532,0.00244942823216846
551.0,230.5635447641147,0.13418243379500444,0.0024494283352920676
552.0,230.97193180804763,0.13442737663340185,0.0024494284307450464
553.0,231.38213668469263,0.13467231948060768,0.0024494285096028612
554.0,231.78698798851187,0.1349172623344668,0.0024494285630721397
555.0,232.1996259779324,0.13516220519230776,0.002449428588851632
556.0,232.6046567884574,0.135407148051199,0.002449428583843592
557.0,233.01434318359446,0.135652090908151,0.002449428551137718
558.0,233.4232670343818,0.13589703376065992,0.002449428495482851
559.0,233.82859346231413,0.13614197660666205,0.002449428422640711
560.0,234.24115216576976,0.13638691944495976,0.002449428342774274
561.0,234.64581715704037,0.1366318622751902,0.0024494282624974227
562.0,235.05664398009054,0.1368768050977733,0.002449428191551532
563.0,235.46436021451663,0.1371217479140226,0.0024494281362879952
564.0,235.87035246074151,0.13736669072569066,0.0024494281009885587
565.0,236.28255557834842,0.13761163353503575,0.0024494280898561265
566.0,236.6870451856577,0.13785657634439058,0.0024494281008723903
567.0,237.09873598129855,0.13810151915594288,0.002449428133566463
568.0,237.50543551176892,0.13834646197164788,0.0024494281825355097
569.0,237.912284436601,0.1385914047927937,0.0024494282418115088
570.0,238.32385557310883,0.13883634762018443,0.002449428305972629
571.0,238.7283602530573,0.1390812904538532,0.002449428366320271
572.0,239.14063870591715,0.13932623329319563,0.002449428418768801
573.0,239.54651230907413,0.13957117613712605,0.002449428456931593
574.0,239.95440897244768,0.13981611898400975,0.0024494284779767086
575.0,240.36507159700005,0.14006106183213554,0.0024494284813194925
576.0,240.76978183878174,0.14030600467963467,0.0024494284658721863
577.0,241.18237172183083,0.14055094752484074,0.002449428436130073
578.0,241.5876100265642,0.1407958903664428,0.0024494283941536867
579.0,241.99674571720325,0.14104083320345592,0.00244942834573641
580.0,242.40622306120184,0.14128577603556142,0.0024494282964062364
581.0,242.81132940540738,0.1415307188628248,0.002449428250009008
582.0,243.22395449790724,0.1417756616858877,0.002449428213060042
583.0,243.62874801436527,0.14202060450579035,0.0024494281869829938
584.0,244.03913565540216,0.14226554732376656,0.0024494281752248125
585.0,244.4473292883048,0.14251049014132156,0.0024494281780057937
586.0,244.85302238046313,0.14275543295978516,0.0024494281934908844
587.0,245.26540642093,0.14300037578043723,0.0024494282211410547
588.0,245.66994561303835,0.14324531860423043,0.0024494282555360073
589.0,246.08131180191359,0.14349026143170387,0.0024494282944565546
590.0,246.48840962121432,0.14373520426310632,0.0024494283329053327
591.0,246.8948802567162,0.14398014709812362,0.002449428366617422
592.0,247.3067469145367,0.1442250899362185,0.0024494283937134768
593.0,247.71122223810312,0.14447003277648907,0.002449428409815275
594.0,248.12329061687103,0.14471497561784907,0.0024494284156848867
595.0,248.52948345847324,0.144959918459237,0.00244942841000068
596.0,248.93692261059587,0.14520486129950497,0.0024494283940886393
597.0,249.3479954172583,0.14544980413782146,0.002449428371012802
598.0,249.75259733462215,0.14569474697348975,0.002449428341760846
599.0,250.1650916436064,0.1459396898061521,0.0024494283116149236
600.0,250.57057017448187,0.14618463263582754,0.0024494282821295576
601.0,250.97916902858663,0.1464295754627223,0.002449428256976915
602.0,251.38917130238931,0.14667451828746594,0.00244942823897154
603.0,251.79409032150386,0.1469194611107485,0.0024494282281859315
604.0,252.2067343350249,0.14716440393344218,0.002449428227319221
605.0,252.61168910731445,0.1474093467564589,0.002449428234138068
606.0,253.02159005308152,0.14765428958053262,0.002449428248703274
607.0,253.43029391267208,0.1478992324063969,0.002449428269073774
608.0,253.8357206367753,0.1481441752344215,0.0024494282918538115
609.0,254.2482381228066,0.1483891180648368,0.0024494283163701914
610.0,254.65285962763673,0.14863406089759232,0.0024494283380553355
611.0,255.06385372484317,0.1488790037323407,0.0024494283563385533
612.0,255.47138262431298,0.14912394656867042,0.0024494283689321375
613.0,255.87750778592934,0.14936888940587867,0.002449428374271358
614.0,256.28962245671323,0.14961383224333205,0.002449428373659107
615.0,256.69410114894174,0.14985877508034506,0.002449428365484233
616.0,257.1059119817202,0.15010371791628352,0.0024494283527480613
617.0,257.5124568200446,0.15034866075075487,0.0024494283359325535
618.0,257.9194713112303,0.15059360358339285,0.00244942831692277
619.0,258.33090675390804,0.15083854641417915,0.002449428298888974
620.0,258.7354330806449,0.15108348924319154,0.0024494282818085605
621.0,259.1477843504928,0.1513284320707038,0.002449428269340097
622.0,259.55353585043963,0.1515733748971955,0.0024494282610944412
623.0,259.96163076183166,0.15181831772309695,0.0024494282581875174
624.0,260.37211038398334,0.15206326054903682,0.002449428261310721
625.0,260.7768748305061,0.15230820337547812,0.0024494282682854286
626.0,261.18949030288326,0.1525531462028689,0.0024494282801844312
627.0,261.594639065629,0.15279808903156564,0.0024494282938006197
628.0,262.0040057897131,0.15304303186167165,0.002449428308606929
629.0,262.4132527172209,0.15328797469328323,0.002449428323171002
630.0,262.81844584765656,0.1535329175262002,0.0024494283348088786
631.0,263.231049305479,0.15377786036018481,0.0024494283443319254
632.0,263.6357858484163,0.15402280319489392,0.002449428348934189
633.0,264.04636035733523,0.15426774602984197,0.0024494283497508576
634.0,264.4543531368542,0.1545126888647005,0.0024494283465116423
635.0,264.86016562498673,0.15475763169899398,0.0024494283389935832
636.0,265.2724808098709,0.15500257453245248,0.0024494283298054477
637.0,265.67699559365695,0.1552475173648568,0.00244942831799071
638.0,266.08850140262956,0.15549246019607074,0.0024494283065843816
639.0,266.49543100800753,0.15573740302619501,0.0024494282958802097
640.0,266.90205367256294,0.15598234585529286,0.0024494282866921405
641.0,267.3138042242947,0.1562272886836644,0.0024494282811748903
642.0,267.7182876917839,0.15647223151158984,0.0024494282778195187
643.0,268.130448457778,0.1567171743393765,0.00244942827876901
644.0,268.53650567943646,0.1569621171674262,0.0024494282824269126
645.0,268.94412952445714,0.15720705999594364,0.0024494282885494886
646.0,269.3550389332878,0.1574520028252287,0.0024494282972376286
647.0,269.75968155282874,0.15769694565537692,0.0024494283057855093
648.0,270.1722210231917,0.15794188848642843,0.0024494283153022093
649.0,270.57759651379797,0.1581868313183745,0.0024494283231262927
650.0,270.9864127667089,0.15843177415099954,0.002449428329295704
651.0,271.3962043237996,0.1586767169841768,0.0024494283336142213
652.0,271.8011966238766,0.1589216598175985,0.0024494283343640118
653.0,272.2138385830784,0.1591666026510104,0.0024494283335674437
654.0,272.61872288975627,0.15941154548419342,0.002449428329512216
655.0,273.0288303013892,0.15965648831686727,0.0024494283239811063
656.0,273.4373197740921,0.15990143114895822,0.002449428317458377
657.0,273.842852376452,0.16014637398031073,0.0024494283097182836
658.0,274.2553205872498,0.1603913168109579,0.002449428303358355
659.0,274.6599041859175,0.1606362596409724,0.0024494282969904717
660.0,275.0710574867499,0.160881202470436,0.0024494282928429626
661.0,275.4784046429917,0.16112614529960329,0.0024494282905740974
662.0,275.8846683010893,0.16137108812859197,0.0024494282898627627
663.0,276.2966864504673,0.16161603095767885,0.0024494282921451106
664.0,276.701159787658,0.1618609737870341,0.002449428295091683
665.0,277.11308258225563,0.16210591661677867,0.0024494283001971527
666.0,277.519478286639,0.16235085944708422,0.0024494283057100935
667.0,277.9266639243005,0.16259580227791368,0.0024494283110923754
668.0,278.33795557393336,0.16284074510932256,0.002449428316834037
669.0,278.74250910521766,0.16308568794120235,0.0024494283205361987
670.0,279.15492511164905,0.16333063077342705,0.0024494283238813896
671.0,279.56056007139915,0.16357557360590502,0.0024494283250380616
672.0,279.9688588192322,0.16382051643838444,0.002449428324552709
673.0,280.37914735029733,0.16406545927079166,0.002449428323122535
674.0,280.78397157403157,0.16431040210292652,0.0024494283194309283
675.0,281.19660456785897,0.16455534493469443,0.0024494283159338646
676.0,281.60166936697516,0.16480028776606367,0.002449428311195666
677.0,282.0112621592721,0.1650452305969468,0.0024494283067953665
678.0,282.4202811545105,0.16529017342745422,0.002449428303227435
679.0,282.8255666480893,0.16553511625758513,0.0024494282996908533
680.0,283.2381404060466,0.16578005908747598,0.002449428298381475
681.0,283.64282554434095,0.16602500191726147,0.002449428297377907
682.0,284.0535788443158,0.16626994474701842,0.002449428298200762
683.0,284.46137634847105,0.16651488757694527,0.0024494283002206656
684.0,284.8673138067933,0.16675983040706632,0.0024494283025020148
685.0,285.2795520543602,0.16700477323750804,0.0024494283063741925
686.0,285.6840479876391,0.16724971606830163,0.0024494283093845735
687.0,286.09568533775774,0.16749465889941273,0.0024494283130027123
688.0,286.5024522942825,0.1677396017308762,0.0024494283158890953
689.0,286.90923256664644,0.1679845445625474,0.0024494283176176622
690.0,287.3208589254803,0.16822948739440396,0.002449428319281488
691.0,287.72535610156956,0.1684744302263102,0.0024494283188414376
692.0,288.13760118012056,0.16871937305816517,0.0024494283183704264
693.0,288.54352835644045,0.16896431588993344,0.002449428316562443
694.0,288.951342482955,0.16920925872145243,0.0024494283140193583
695.0,289.3620804148112,0.16945420155275345,0.0024494283118077736
696.0,289.7667693088628,0.16969914438376762,0.002449428308499297
697.0,290.1793458736078,0.16994408721450646,0.0024494283064691474
698.0,290.5846238986382,0.17018903004504599,0.0024494283041802726
699.0,290.9936631479463,0.17043397287537576,0.002449428302722254
700.0,291.4032358994824,0.17067891570562646,0.002449428302475634
701.0,291.80830705149464,0.17092385853583988,0.0024494283021091806
702.0,292.2209388848032,0.1711688013661173,0.0024494283035700662
703.0,292.625758289086,0.1714137441965384,0.0024494283047223637
704.0,293.0360640847858,0.1716586870270946,0.0024494283067387147
705.0,293.4443447470612,0.17190362985790003,0.002449428309125203
706.0,293.84998879933244,0.1721485726888878,0.002449428310751884
707.0,294.26239965526844,0.17239351552008594,0.0024494283131863285
708.0,294.6669509092661,0.17263845835146763,0.0024494283141583743
709.0,295.0782553346053,0.1728834011829299,0.0024494283152640154
710.0,295.4854263225754,0.17312834401449473,0.0024494283156398164
711.0,295.89183405599465,0.17337328684602454,0.002449428314905798
712.0,296.3037476061045,0.17361822967748827,0.0024494283145680474
713.0,296.7082211561103,0.17386317250886174,0.002449428312711137
714.0,297.1202478398964,0.17410811534006054,0.002449428311462434
715.0,297.52649998824774,0.1743530581711331,0.0024494283097281316
716.0,297.9338623590192,0.17459800100199824,0.002449428307847722
717.0,298.34500213703757,0.17484294383274332,0.0024494283069830497
718.0,298.74958844187216,0.1750878866633626,0.00244942830542277
719.0,299.1620611151373,0.17533282949388107,0.0024494283053351613
720.0,299.5675851050695,0.17557777232439953,0.0024494283050966095
721.0,299.97609328240117,0.17582271515491799,0.00244942830538204
722.0,300.38618263063705,0.17606765798552337,0.002449428306618338
723.0,300.791072199228,0.17631260081621108,0.0024494283071806954
724.0,301.20371464082757,0.1765575436470156,0.0024494283089965415
725.0,301.60870103975753,0.1768024864779756,0.002449428309995257
726.0,302.0185118152503,0.17704742930902592,0.0024494283112193324
727.0,302.4273084599768,0.17729237214022583,0.0024494283125016114
728.0,302.83269188806884,0.17753731497146594,0.0024494283126536894
729.0,303.24522787083805,0.17778225780278012,0.0024494283135133247
730.0,303.6498671698109,0.17802720063411734,0.002449428312995853
731.0,304.0607911815064,0.1782721434654028,0.0024494283127138796
732.0,304.4683989917689,0.17851708629666893,0.0024494283121439895
733.0,304.874466998171,0.17876202912780417,0.0024494283107735874
734.0,305.28662023417684,0.17900697195886608,0.0024494283103046496
735.0,305.6911028845262,0.179251914789827,0.0024494283087733914
736.0,306.10286370221525,0.17949685762065448,0.002449428308167163
737.0,306.50947358726586,0.17974180045144186,0.0024494283074884813
738.0,306.9164170508139,0.17998674328214254,0.0024494283067339373
739.0,307.32791113704593,0.18023168611283175,0.0024494283071278895
740.0,307.73242758784534,0.1804766289435171,0.002449428306733273
741.0,308.14474890669584,0.18072157177422207,0.002449428307573
742.0,308.5505516068437,0.18096651460501287,0.0024494283080811153
743.0,308.9585616039315,0.18121145743582978,0.0024494283086586664
744.0,309.36911996897936,0.18145640026676488,0.002449428309929656
745.0,309.7738607042498,0.18170134309778294,0.0024494283101411107
746.0,310.1864662901551,0.18194628592884932,0.0024494283113007465
747.0,310.5916524157906,0.18219122876000757,0.0024494283115147927
748.0,311.0009206410223,0.18243617159114817,0.00244942831172838
749.0,311.41026610796064,0.18268111442235702,0.0024494283121031563
750.0,311.8154216830363,0.1829260572535216,0.002449428311363648
751.0,312.2280353180051,0.18317100008465068,0.0024494283115177443
752.0,312.63279538707604,0.18341594291576177,0.002449428310585849
753.0,313.0432914861234,0.1836608857467856,0.0024494283100593237
754.0,313.4513689224302,0.18390582857778942,0.0024494283096406473
755.0,313.8571300004487,0.18415077140869063,0.002449428308581375
756.0,314.2694754280044,0.18439571423954215,0.002449428308671992
757.0,314.6739999035309,0.1846406570703726,0.0024494283078653834
758.0,315.0854473777149,0.18488559990116862,0.0024494283079616814
759.0,315.4924477743971,0.18513054273196464,0.00244942830808221
760.0,315.89900516334757,0.18537548556276065,0.002449428307923404
761.0,316.31080603471105,0.1856204283935974,0.002449428308826576
762.0,316.7152853623873,0.1858653712244848,0.002449428308737984
763.0,317.12740786164954,0.18611031405539158,0.0024494283096058596
764.0,317.5335220246353,0.18635525688639373,0.00244942831003247
765.0,317.94106671456876,0.1866001997174118,0.002449428310221148
766.0,318.3520465349961,0.18684514254848097,0.0024494283110474404
767.0,318.7566711800487,0.1870900853795681,0.002449428310687985
768.0,319.1691924477497,0.1873350282106574,0.002449428311217479
769.0,319.5746110366959,0.187579971041781,0.002449428310924571
770.0,319.98333423716656,0.18782491387285458,0.002449428310605571
771.0,320.39321631148954,0.18806985670392815,0.00244942831069015
772.0,320.79817679512735,0.18831479953494798,0.0024494283097602028
773.0,321.21082061310875,0.18855974236591053,0.0024494283098959557
774.0,321.61573417946227,0.1888046851968644,0.002449428309175648
775.0,322.0257548551298,0.18904962802777145,0.0024494283088925426
776.0,322.4343347353948,0.18929457085867848,0.002449428308935575
777.0,322.8398216715334,0.1895395136895398,0.0024494283083064524
778.0,323.2523118057113,0.18978445652039988,0.0024494283088618623
779.0,323.65691083071636,0.1900293993512806,0.002449428308514551
780.0,324.0679974762609,0.1902743421821378,0.0024494283088931936
781.0,324.4754211707847,0.19051928501304918,0.002449428309298104
782.0,324.88162530295216,0.19076422784395622,0.00244942830918627
783.0,325.29368544947005,0.19100917067492154,0.0024494283100584407
784.0,325.69816038166465,0.1912541135059269,0.002449428309821494
785.0,326.1100365922365,0.19149905633691935,0.002449428310369347
786.0,326.5164949790605,0.19174399916798734,0.00244942831051788
787.0,326.9236072173463,0.19198894199901057,0.002449428310283016
788.0,327.33496094862056,0.19223388483006945,0.002449428310777365
789.0,327.7395022406617,0.19247882766111685,0.002449428310108569
790.0,328.1518917275961,0.1927237704921349,0.002449428310361245
791.0,328.5575755222196,0.19296871332315296,0.002449428309984674
792.0,328.96578698056857,0.19321365615412006,0.002449428309571052
793.0,329.3761576909819,0.1934585989850826,0.002449428309767758
794.0,329.7809558363326,0.19370354181601748,0.002449428308990696
795.0,330.19358237205665,0.19394848464692452,0.0024494283093372923
796.0,330.59868216606344,0.19419342747785356,0.0024494283089472524
797.0,331.0081798942559,0.1944383703087259,0.0024494283088949743
798.0,331.4172950516775,0.19468331313963294,0.0024494283092647874
799.0,331.8225406213862,0.19492825597053998,0.002449428308839641
800.0,332.23512798498354,0.1951731988014625,0.002449428309549464
801.0,332.6398342842431,0.19541814163242255,0.0024494283093258458
802.0,333.0505126065878,0.1956630844633494,0.0024494283096436298
803.0,333.4583923974996,0.19590802729435147,0.0024494283100250772
804.0,333.8642760769423,0.19615297012532665,0.0024494283097236252
805.0,334.2765480001105,0.19639791295632866,0.0024494283104033138
806.0,334.6810512622689,0.19664285578734672,0.0024494283099675746
807.0,335.0926337095149,0.19688779861834918,0.002449428310234692
808.0,335.4994690907444,0.19713274144936724,0.0024494283102385788
809.0,335.90618171644826,0.19737768428035307,0.0024494283097893426
810.0,336.31786182943245,0.1976226271113579,0.0024494283101989893
811.0,336.72235250091256,0.19786756994234822,0.0024494283095
812.0,337.1345627429261,0.19811251277331077,0.002449428309733664
813.0,337.54054449252556,0.19835745560427331,0.0024494283095017008
814.0,337.9482770893474,0.1986023984351901,0.0024494283091639345
815.0,338.3590888668309,0.1988473412661361,0.002449428309563618
816.0,338.7637574196997,0.19909228409706436,0.0024494283089630184
817.0,339.1763192101858,0.19933722692798003,0.0024494283094544946
818.0,339.5816379664567,0.1995821697589364,0.00244942830927101
819.0,339.99058178523546,0.19982711258984343,0.002449428309272014
820.0,340.40024849218827,0.20007205542080087,0.0024494283097570187
821.0,340.8052854609187,0.20031699825175156,0.0024494283093272414
822.0,341.21792258281465,0.20056194108271574,0.0024494283099855993
823.0,341.62276888264336,0.2008068839137187,0.002449428309726358
824.0,342.03299137614806,0.20105182674468125,0.0024494283098682682
825.0,342.4413600754963,0.20129676957569698,0.0024494283101701647
826.0,342.8469560936238,0.20154171240668123,0.002449428309693047
827.0,343.2593923048558,0.20178665523767597,0.0024494283102407042
828.0,343.6639566213481,0.20203159806868123,0.002449428309727779
829.0,344.0751978235098,0.20227654089964378,0.002449428309861275
830.0,344.4824429804679,0.2025214837306572,0.002449428309887326
831.0,344.88878881735207,0.20276642656161975,0.002449428309394437
832.0,345.30074779673265,0.2030113693925823,0.002449428309861649
833.0,345.70522057643973,0.20325631222353663,0.0024494283092550014
834.0,346.11720410618074,0.20350125505445876,0.0024494283095383975
835.0,346.5235165680983,0.2037461978854213,0.0024494283094770256
836.0,346.9308031659824,0.20399114071633767,0.0024494283091941148
837.0,347.3420084592239,0.20423608354728748,0.002449428309723852
838.0,347.74658015913286,0.204481026378233,0.0024494283092043804
839.0,348.1590297420621,0.2047259692091658,0.0024494283097108004
840.0,348.56460020052674,0.20497091204012835,0.0024494283096038734
841.0,348.97301871198226,0.2052158548710909,0.002449428309532034
842.0,349.38319367763177,0.20546079770208264,0.002449428310019193
843.0,349.78805480192165,0.20570574053305912,0.002449428309511345
844.0,350.2006942154865,0.2059506833640354,0.002449428310067616
845.0,350.60571324484323,0.20619562619504364,0.0024494283097710482
846.0,351.01543239114477,0.2064405690260062,0.0024494283097674734
847.0,351.42432282567563,0.20668551185701403,0.0024494283100500156
848.0,351.82966396235594,0.20693045468798885,0.0024494283094901076
849.0,352.2422169814135,0.2071753975189636,0.002449428310000015
850.0,352.6468750766361,0.20742034034995374,0.002449428309518953
851.0,353.0577275432096,0.2076652831809163,0.002449428309611938
852.0,353.4654152691369,0.20791022601187883,0.0024494283097367935
853.0,353.87142712677297,0.20815516884281485,0.0024494283092582106
854.0,354.28361746945563,0.2084001116737659,0.0024494283098008187
855.0,354.68810508359223,0.2086450545047227,0.002449428309287058
856.0,355.0998144288896,0.20888999733564723,0.00244942830958259
857.0,355.50649036962454,0.20913494016660977,0.0024494283096354484
858.0,355.9133638142814,0.20937988299754046,0.0024494283093378436
859.0,356.32491508804054,0.20962482582850753,0.002449428309911109
860.0,356.7294226693037,0.20986976865947468,0.0024494283093996695
861.0,357.14171258140954,0.21011471149043723,0.002449428309845161
862.0,357.5475674884221,0.21035965432143885,0.002449428309762045
863.0,357.9554935809194,0.2106045971524014,0.0024494283095849046
864.0,358.36612922849486,0.21084953998339548,0.0024494283100583
865.0,358.7708472570562,0.2110944828143754,0.0024494283094910483
866.0,359.1834414985642,0.2113394256453443,0.002449428309972019
867.0,359.5886659901612,0.21158436847634685,0.0024494283096910003
868.0,359.9978360237828,0.2118293113073094,0.0024494283096016204
869.0,360.40727926887035,0.21207425413830264,0.002449428309924708
870.0,360.81239829352694,0.21231919696926757,0.002449428309348679
871.0,361.2250206469358,0.21256413980023012,0.0024494283098659086
872.0,361.6298052464063,0.21280908263119547,0.0024494283094594806
873.0,362.04022147650466,0.2130540254621286,0.002449428309531007
874.0,362.44838457771624,0.21329896829309114,0.002449428309755123
875.0,362.85409525259064,0.213543911124031,0.002449428309280861
876.0,363.26646946609407,0.21378885395498376,0.0024494283098618853
877.0,363.6710046393552,0.2140337967859463,0.0024494283094051842
878.0,364.0823923215935,0.21427873961688643,0.0024494283096612767
879.0,364.48946451792773,0.21452368244786932,0.0024494283097785973
880.0,364.8959576393051,0.21476862527883187,0.002449428309424673
881.0,365.30780737279883,0.21501356810981098,0.0024494283099980737
882.0,365.71228356560067,0.21525851094079262,0.0024494283094757315
883.0,366.1243663410611,0.21550345377175517,0.002449428309843913
884.0,366.53053845052176,0.2157483966027592,0.0024494283097886314
885.0,366.938004993945,0.21599333943372176,0.002449428309524549
886.0,367.34905376501933,0.2162382822647093,0.0024494283100058517
887.0,367.75366143982546,0.21648322509568574,0.0024494283094206645
888.0,368.16616304686653,0.21672816792664829,0.0024494283098591314
889.0,368.5716257382822,0.21697311075764006,0.002449428309634832
890.0,368.9802568960573,0.2172180535886026,0.0024494283094942315
891.0,369.3902280258073,0.2174629964195793,0.002449428309880122
892.0,369.79515769851247,0.21770793925053278,0.002449428309310899
893.0,370.2078019179696,0.21795288208148217,0.0024494283098345504
894.0,370.61274574941837,0.21819782491244472,0.002449428309501606
895.0,371.0226782301227,0.21844276774338375,0.0024494283095350513
896.0,371.43134952716883,0.21868771057435518,0.002449428309832232
897.0,371.83679180378056,0.21893265340530657,0.002449428309339247
898.0,372.24930240463226,0.21917759623626953,0.0024494283099214705
899.0,372.65391786128674,0.21942253906725315,0.0024494283094981723
900.0,373.0649363937754,0.2196674818982157,0.002449428309687107
901.0,373.4724376339157,0.21991242472921127,0.002449428309849388
902.0,373.8785832473091,0.22015736756017382,0.002449428309433289
903.0,374.2906839326092,0.22040231039115157,0.002449428309998935
904.0,374.69516146408915,0.22064725322213521,0.0024494283094791134
905.0,375.1069896329184,0.22089219605309776,0.0024494283097803325
906.0,375.51351170740486,0.22113713888409425,0.0024494283097736547
907.0,375.9205515542884,0.2213820817150568,0.002449428309448942
908.0,376.33196590717176,0.22162702454603603,0.0024494283099563284
909.0,376.73649596454413,0.221871967377009,0.0024494283093819532
910.0,377.1488574744257,0.22211691020797156,0.0024494283097907022
911.0,377.55459110921686,0.22236185303895273,0.002449428309638074
912.0,377.9627162874577,0.22260679586989937,0.0024494283094535804
913.0,378.37316771705883,0.22285173870087588,0.002449428309896449
914.0,378.77794078961927,0.2230966815318344,0.002449428309332886
915.0,379.190559410395,0.22334162436278499,0.002449428309843664
916.0,379.5956952048592,0.22358656719376574,0.002449428309571219
917.0,380.0050964095589,0.22383151002472482,0.0024494283095475105
918.0,380.4143087383968,0.22407645285571287,0.0024494283098957896
919.0,380.8195153903498,0.22432139568667542,0.002449428309373411
920.0,381.2321149024905,0.2245663385176423,0.00244942830993726
921.0,381.6368433674685,0.22481128134863143,0.0024494283095443403
922.0,382.047445253806,0.22505622417959398,0.002449428309661315
923.0,382.45540833853937,0.22530116701058922,0.0024494283098694626
924.0,382.86123924569915,0.22554610984155177,0.0024494283094037314
925.0,383.27354338613833,0.2257910526725246,0.002449428309966505
926.0,383.6780549814772,0.2260359955035076,0.002449428309469229
927.0,384.0895810679107,0.22628093833447013,0.0024494283097148094
928.0,384.49648587981574,0.22652588116545877,0.00244942830977101
929.0,384.9031318664699,0.22677082399642132,0.0024494283094016146
930.0,385.3148642746007,0.22701576682739502,0.002449428309938032
931.0,385.71934944629146,0.22726070965836767,0.0024494283093860485
932.0,386.131523394436,0.2275056524893204,0.0024494283097608507
933.0,386.53756072325297,0.22775059532030237,0.0024494283096780614
934.0,386.9452127993257,0.22799553815125603,0.0024494283094446583
935.0,387.3560969629865,0.22824048098223543,0.0024494283099295248
936.0,387.7607461800263,0.22848542381320308,0.0024494283093668785
937.0,388.1732917393664,0.22873036664416563,0.002449428309847168
938.0,388.5786522322906,0.22897530947515438,0.0024494283096276504
939.0,388.9875016309355,0.22922025230611692,0.002449428309538259
940.0,389.39726083219387,0.22946519513710573,0.0024494283099275285
941.0,389.8022646232876,0.2297101379680714,0.0024494283093791235
942.0,390.21490557647803,0.22995508079903584,0.0024494283099186684
943.0,390.6197797764651,0.23020002363002676,0.002449428309564564
944.0,391.0299175088954,0.2304449664609893,0.0024494283096147323
945.0,391.43837525275546,0.23068990929198058,0.002449428309874685
946.0,391.84392424299006,0.23093485212294312,0.0024494283093739696
947.0,392.2563843515684,0.23117979495391108,0.002449428309936336
948.0,392.66096273507407,0.23142473778489395,0.0024494283094754067
949.0,393.0721392559462,0.2316696806158565,0.0024494283096686232
950.0,393.47945958862033,0.231914623446842,0.0024494283097908367
951.0,393.88574453624665,0.23215956627780454,0.0024494283093822403
952.0,394.2977474865871,0.23240450910877622,0.002449428309940029
953.0,394.70222050086005,0.23264945193975187,0.002449428309413196
954.0,395.1141594191946,0.2328943947707144,0.0024494283097440915
955.0,395.5205332009034,0.2331393376017008,0.0024494283097252567
956.0,395.9277450343611,0.23338428043266335,0.002449428309438288
957.0,396.33901438369054,0.23362922326364266,0.002449428309952431
958.0,396.74357248373354,0.23387416609461484,0.002449428309391316
959.0,397.1559975192591,0.23411910892557738,0.002449428309831228
960.0,397.56161545160313,0.2343640517565682,0.0024494283096649764
961.0,397.9699453069169,0.23460899458753073,0.0024494283095108644
962.0,398.3802044292023,0.23485393741851696,0.0024494283099385232
963.0,398.78503811452066,0.23509888024948447,0.0024494283093741396
964.0,399.1976730427499,0.23534382308044702,0.0024494283098879226
965.0,399.6027257072838,0.2355887659114371,0.002449428309582308
966.0,400.0123517650435,0.23583370874239964,0.0024494283095706703
967.0,400.4213369974858,0.23607865157338778,0.0024494283098844766
968.0,400.82663684875786,0.23632359440435033,0.0024494283093588003
969.0,401.2392054465486,0.236568537235315,0.0024494283099170625
970.0,401.6438833427447,0.2368134800662995,0.002449428309499196
971.0,402.0546628058559,0.23705842289726203,0.0024494283096374928
972.0,402.4624314547576,0.23730336572824837,0.002449428309822373
973.0,402.8683881705588,0.2375483085592109,0.0024494283093760834
974.0,403.2806141619927,0.2377932513901815,0.0024494283099445067
975.0,403.6851077447067,0.23803819422116085,0.002449428309444372
976.0,404.09676416004737,0.2382831370521234,0.002449428309723038
977.0,404.5035071628581,0.2385280798831123,0.0024494283097646007
978.0,404.91031159656717,0.23877302271407486,0.0024494283094246556
979.0,405.3219185989625,0.23901796554505247,0.0024494283099604206
980.0,405.7264183155149,0.23926290837602746,0.002449428309407007
981.0,406.1386753636216,0.23950785120699,0.0024494283098021744
982.0,406.54458348297476,0.2397527940379802,0.0024494283096929584
983.0,406.95242667999963,0.23999773686894274,0.002449428309478533
984.0,407.3631381498714,0.24024267969992574,0.00244942830994272
985.0,407.7678344768675,0.24048762253089465,0.0024494283093723806
986.0,408.1804159167583,0.2407325653618572,0.002449428309857746
987.0,408.58567977933023,0.24097750819284536,0.0024494283096070887
988.0,408.9947530147853,0.2412224510238079,0.0024494283095358852
989.0,409.4042921935698,0.2414673938547952,0.0024494283099010116
990.0,409.80937567358944,0.24171233668575776,0.0024494283093565985
991.0,410.2220052881458,0.24195727951672036,0.0024494283099032784
992.0,410.6268154228619,0.24220222234770758,0.0024494283095315367
993.0,411.03715032533887,0.24244716517867013,0.002449428309610821
994.0,411.44540009919217,0.24269210800965807,0.002449428309853505
995.0,411.8510613774747,0.24293705084062062,0.002449428309372116
996.0,412.26346291921044,0.24318199367158966,0.0024494283099422125
997.0,412.668009794903,0.24342693650257208,0.002449428309472785
998.0,413.07933622733464,0.24367187933353462,0.00244942830969471
999.0,413.48648122994166,0.24391682216452415,0.002449428309795538
1000.0,413.8929110912,0.2441617649954867,0.002449428309406644
1001.0,414.3048082282405,0.24440670782646176,0.002449428309958562
1002.0,414.70928229087343,0.2446516506574388,0.002449428309420719
1003.0,415.1213238851248,0.24489659348840134,0.002449428309768394
1004.0,415.52755494682674,0.2451415363193903,0.002449428309719623
1005.0,415.9349443523242,0.24538647915035286,0.00244942830944964
1006.0,416.3460606144095,0.24563142198133295,0.0024494283099469713
1007.0,416.75065232399146,0.24587636481230365,0.002449428309378866
1008.0,417.16313281320356,0.2461213076432662,0.0024494283098309816
1009.0,417.5686406123632,0.24636625047425398,0.002449428309638361
1010.0,417.97718073738764,0.24661119330521653,0.0024494283095079887
1011.0,418.38723946171865,0.24685613613620197,0.002449428309919214
1012.0,418.7921393290326,0.24710107896716685,0.0024494283093610568
1013.0,419.20478249279336,0.2473460217981294,0.0024494283098881447
1014.0,419.60975759425855,0.24759096462911764,0.0024494283095652354
1015.0,420.0196004209033,0.2478359074600802,0.0024494283095830914
1016.0,420.4283641428688,0.24808085029106902,0.0024494283098794524
1017.0,420.83376276614223,0.24832579312203157,0.0024494283093676092
1018.0,421.24629237611776,0.24857073595299845,0.0024494283099321303
1019.0,421.6509252690921,0.2488156787839833,0.002449428309498781
1020.0,422.0618742303392,0.24906062161494585,0.0024494283096617112
1021.0,422.4694540230671,0.24930556444593502,0.002449428309821448
1022.0,422.87554212471616,0.24955050727689757,0.002449428309389346
1023.0,423.2876818905625,0.2497954501078699,0.0024494283099523607
1024.0,423.69216302599466,0.25004039293883973,0.002449428309437809
1025.0,424.10394169551,0.250285335769763,0.0024494283097352
1026.0,424.5105284637795,0.25053027860078103,0.002449428309748411
1027.0,424.9174969273612,0.2507752214317062,0.002449428309426571
1028.0,425.3289704427405,0.2510201642626904,0.0024494283099513836
1029.0,425.7334902703523,0.25126510709366534,0.002449428309391991
1030.0,426.1458223459806,0.25151004992459963,0.00244942830980514
1031.0,426.55160682644834,0.2517549927556177,0.0024494283096721426
1032.0,426.95964673395343,0.2519999355865315,0.002449428309483234
1033.0,427.3701774224684,0.25224487841752713,0.0024494283099347402
1034.0,427.7749264275456,0.252489821248491,0.002449428309368405
1035.0,428.1875356762417,0.25273476407943696,0.002449428309868865
1036.0,428.59270847618376,0.2529797069104509,0.0024494283095978357
1037.0,429.0020116978138,0.25322464974135794,0.0024494283095535677
1038.0,429.41132220666736,0.2534695925723652,0.002449428309899966
1039.0,429.8164909467378,0.253714535403318,0.002449428309363847
1040.0,430.22910115002713,0.2539594782342754,0.0024494283099166523
1041.0,430.6338527854417,0.2542044210652781,0.002449428309525111
1042.0,431.0443767772319,0.2544493638961855,0.0024494283096279353
1043.0,431.4524241631925,0.25469430672720356,0.0024494283098455455
1044.0,431.85820330472393,0.2549392495581449,0.0024494283093760417
1045.0,432.27053820451937,0.25518419238911333,0.002449428309944167
1046.0,432.6750591377013,0.2554291352201044,0.0024494283094593367
1047.0,433.08652740553794,0.2556740780510229,0.002449428309703202
1048.0,433.49350265460674,0.25591902088204094,0.002449428309778289
1049.0,433.9000830098559,0.2561639637129708,0.002449428309408199
1050.0,434.3118662544542,0.2564089065439504,0.002449428309953987
1051.0,434.7163469311587,0.25665384937493013,0.002449428309409319
1052.0,435.1284831281298,0.25689879220586,0.0024494283097780136
1053.0,435.53457704191345,0.25714373503687804,0.00244942830970551
1054.0,435.94214960606206,0.2573886778677968,0.002449428309459668
1055.0,436.3531046961339,0.2576336206987879,0.0024494283099457076
1056.0,436.75773558245044,0.25787856352975663,0.0024494283093774937
1057.0,437.17026345350763,0.258123506360698,0.0024494283098453634
1058.0,437.57566668825615,0.25836844919171603,0.002449428309629464
1059.0,437.9844226769666,0.2586133920226236,0.0024494283095238263
1060.0,438.3942729113572,0.25885833485362614,0.002449428309916569
1061.0,438.7992445304184,0.2591032776845835,0.002449428309362813
1062.0,439.21188785763843,0.2593482205155361,0.0024494283098978912
1063.0,439.61679096259945,0.25959316334654325,0.002449428309553233
1064.0,440.02684247501765,0.2598381061774503,0.0024494283095952483
1065.0,440.43539027127565,0.2600830490084639,0.002449428309868572
1066.0,440.8408932399308,0.26032799183940986,0.002449428309367398
1067.0,441.2533757882063,0.26057293467037357,0.002449428309934062
1068.0,441.65796924340583,0.2608178775013693,0.0024494283094845556
1069.0,442.0690796249337,0.2610628203322832,0.00244942830967183
1070.0,442.4764761401909,0.26130776316330123,0.0024494283098075702
1071.0,442.8827012057763,0.26155270599423586,0.0024494283093931452
1072.0,443.29474666876007,0.2617976488252109,0.002449428309953093
1073.0,443.6992209223212,0.2620425916561955,0.0024494283094291095
1074.0,444.1111137717831,0.2622875344871207,0.002449428309748718
1075.0,444.5175498793026,0.2625324773181388,0.0024494283097373573
1076.0,444.9246879566428,0.26277742014906225,0.0024494283094373703
1077.0,445.33601990276213,0.2630223629800487,0.0024494283099522466
1078.0,445.74056540788433,0.2632673058110221,0.002449428309388864
1079.0,446.15296443882465,0.2635122486419587,0.0024494283098188
1080.0,446.55863085041995,0.26375719147297677,0.0024494283096608144
1081.0,446.96687305919227,0.26400213430388897,0.0024494283094953877
1082.0,447.3772148775512,0.26424707713488665,0.002449428309930263
1083.0,447.78202212927175,0.26449201996584865,0.0024494283093657457
1084.0,448.1946511149888,0.2647369627967964,0.0024494283098771097
1085.0,448.599738419648,0.2649819056278082,0.0024494283095834795
1086.0,449.00926992948064,0.26522684845871525,0.0024494283095641486
1087.0,449.4183509682285,0.26547179128972415,0.002449428309889892
1088.0,449.8236105400949,0.26571673412067476,0.0024494283093627893
1089.0,450.23619325917474,0.2659616769516338,0.0024494283099212076
1090.0,450.6408919610656,0.2662066197826343,0.0024494283095120523
1091.0,451.051596962334,0.2664515626135436,0.0024494283096402657
1092.0,451.45944754147746,0.26669650544456164,0.002449428309834849
1093.0,451.8653501222625,0.26694144827550104,0.002449428309380771
1094.0,452.2776103044394,0.26718639110647147,0.002449428309948225
1095.0,452.6821108604056,0.26743133393746077,0.0024494283094510013
1096.0,453.093712888112,0.26767627676838135,0.002449428309717787
1097.0,453.500523959332,0.2679212195993994,0.0024494283097677297
1098.0,453.9072603899216,0.26816616243032754,0.002449428309417169
1099.0,454.31892166208587,0.2684111052613093,0.002449428309955002
1100.0,454.7234145187523,0.26865604809228727,0.0024494283094032314
1101.0,455.13563724559134,0.2689009909232191,0.0024494283097904385
1102.0,455.54159958289983,0.2691459337542372,0.002449428309692394
1103.0,455.94936089349113,0.269390876585154,0.00244942830946924
1104.0,456.36014672566097,0.26963581941614695,0.002449428309941224
1105.0,456.7648223562696,0.2698807622471136,0.0024494283093725363
1106.0,457.177389537404,0.2701257050780567,0.002449428309854181
1107.0,457.5826937760587,0.2703706479090732,0.002449428309615008
1108.0,457.9916712238015,0.27061559073998026,0.0024494283095345282
1109.0,458.4013048748714,0.2708605335709845,0.002449428309908793
1110.0,458.8063538159754,0.2711054764019398,0.0024494283093617493
1111.0,459.21898923438346,0.27135041923289427,0.002449428309905216
1112.0,459.6238259091361,0.2715953620638995,0.002449428309541099
1113.0,460.0340780252313,0.27184030489480654,0.0024494283096087102
1114.0,460.44241547943005,0.27208524772582215,0.0024494283098597984
1115.0,460.8480283675752,0.27233019055676627,0.0024494283093712964
1116.0,461.2604557797978,0.27257513338773204,0.0024494283099395575
1117.0,461.66501536258676,0.272820076218726,0.002449428309474921
1118.0,462.07627908727545,0.27306501904964187,0.002449428309685834
1119.0,462.48349790284453,0.2733099618806599,0.0024494283097966246
1120.0,462.88986551136816,0.2735549047115927,0.002449428309399744
1121.0,463.30180859347723,0.27379984754256975,0.0024494283099543816
1122.0,463.706281530681,0.2740447903735524,0.0024494283094208045
1123.0,464.1182804863202,0.2742897332044795,0.00244942830976083
1124.0,464.5245715061561,0.2745346760354976,0.0024494283097239358
1125.0,464.9318847822419,0.27477961886641905,0.002449428309445696
1126.0,465.3430670758495,0.27502456169740735,0.002449428309949272
1127.0,465.7476438252184,0.2752695045283787,0.002449428309383022
1128.0,466.1601017394465,0.2755144473593171,0.0024494283098292404
1129.0,466.56565565164755,0.2757593901903352,0.0024494283096471938
1130.0,466.97410575376585,0.2760043330212454,0.002449428309506399
1131.0,467.3842506118878,0.276249275852245,0.0024494283099247044
1132.0,467.789121679282,0.27649421868320506,0.0024494283093640626
1133.0,468.20176233014934,0.27673916151415484,0.002449428309886179
1134.0,468.60676970652634,0.2769841043451648,0.002449428309571281
1135.0,469.0165214199202,0.27722904717607183,0.002449428309577445
1136.0,469.4253785749852,0.2774739900070828,0.0024494283098821204
1137.0,469.830734551045,0.27771893283803156,0.0024494283093649963
1138.0,470.2432817126167,0.2779638756689926,0.002449428309927545
1139.0,470.647933046603,0.27820881849999124,0.002449428309501006
1140.0,471.05881097836516,0.27845376133090244,0.002449428309653626
1141.0,471.466470330765,0.2786987041619205,0.002449428309824014
1142.0,471.87250192764526,0.27894364699285795,0.0024494283093855138
1143.0,472.28467931589984,0.27918858982383027,0.002449428309950508
1144.0,472.6891650599715,0.2794335326548176,0.0024494283094413484
1145.0,473.1008927725853,0.27967847548574004,0.002449428309730185
1146.0,473.5075452408396,0.2799234183167581,0.0024494283097548095
1147.0,473.9144433291423,0.28016836114768423,0.002449428309424649
1148.0,474.32597454798497,0.28041330397866787,0.0024494283099538226
1149.0,474.73048515071247,0.2806582468096439,0.0024494283093965674
1150.0,475.1427863348655,0.2809031896405777,0.002449428309802104
1151.0,475.5486226665288,0.28114813247159576,0.0024494283096793247
1152.0,475.95657831256636,0.2813930753025106,0.0024494283094798792
1153.0,476.36718679977804,0.2816380181335056,0.002449428309937356
1154.0,476.7719127426278,0.28188296096447035,0.0024494283093696714
1155.0,477.18451116209746,0.2821279037954154,0.002449428309864326
1156.0,477.58972197255287,0.28237284662643003,0.002449428309602319
1157.0,477.99892647607925,0.28261778945733707,0.0024494283095469467
1158.0,478.40833544900624,0.2828627322883433,0.0024494283099016517
1159.0,478.813467283024,0.28310767511929674,0.002449428309362008
1160.0,479.22608672010546,0.2833526179502531,0.0024494283099123597
1161.0,479.63086253070935,0.2835975607812564,0.0024494283095290214
1162.0,480.04130716935197,0.28384250361216345,0.002449428309621649
1163.0,480.44943986405514,0.28408744644318096,0.0024494283098496425
1164.0,480.85516824655787,0.28433238927412313,0.0024494283093745616
1165.0,481.26753244786096,0.2845773321050908,0.0024494283099432235
1166.0,481.672063723553,0.2848222749360828,0.002449428309464435
1167.0,482.08347271496956,0.2850672177670006,0.002449428309698739
1168.0,482.49051940774615,0.28531216059801867,0.00244942830978461
1169.0,482.89703513915515,0.2855571034289495,0.0024494283094063864
1170.0,483.30886776159406,0.2858020462599285,0.0024494283099549654
1171.0,483.7133449480865,0.2860469890909092,0.0024494283094132147
1172.0,484.1254419365454,0.28629193192183827,0.002449428309773307
1173.0,484.5315934410714,0.28653687475285633,0.0024494283097111756
1174.0,484.93908750202326,0.2867818175837759,0.002449428309455325
1175.0,485.350112058813,0.28702676041476616,0.0024494283099465554
1176.0,485.7547256194807,0.2872717032457356,0.002449428309378483
1177.0,486.16723434511096,0.287516646076676,0.0024494283098399454
1178.0,486.5726813268946,0.28776158890769404,0.002449428309634013
1179.0,486.98134491576155,0.2880065317386023,0.0024494283095178922
1180.0,487.39128472223877,0.2882514745696038,0.002449428309918547
1181.0,487.7962251748361,0.2884964174005619,0.0024494283093626766
1182.0,488.20886941885124,0.2887413602315136,0.002449428309894287
1183.0,488.6138024336336,0.28898630306252154,0.0024494283095585325
1184.0,489.0237662670315,0.2892312458934286,0.0024494283095900233
1185.0,489.43240512366765,0.2894761887244414,0.0024494283098729737
1186.0,489.8378630770008,0.28972113155538826,0.0024494283093669566
1187.0,490.2503666073643,0.28996607438635125,0.0024494283099327123
1188.0,490.6549761389372,0.29021101721734793,0.00244942830948989
1189.0,491.0660189230115,0.290455960048261,0.002449428309666853
1190.0,491.47349262777243,0.2907009028792791,0.002449428309812902
1191.0,491.8796588184579,0.2909458457102146,0.002449428309390981
1192.0,492.29174533581437,0.29119078854118885,0.0024494283099525263
1193.0,492.6962218333692,0.29143573137217427,0.0024494283094326167
1194.0,493.10806715645356,0.2916806742030987,0.002449428309743074
1195.0,493.51456659585267,0.29192561703411674,0.002449428309742351
1196.0,493.9216319252964,0.292170559865041,0.002449428309433153
1197.0,494.33302500898816,0.29241550269602656,0.002449428309952477
1198.0,494.7375589241159,0.29266044552700066,0.002449428309390694
1199.0,495.1499304932809,0.29290538835793634,0.0024494283098135654
1200.0,495.5556463895487,0.2931503311889544,0.002449428309666062
1201.0,495.96380196128075,0.2933952740198673,0.0024494283094904663
1202.0,496.3742250152639,0.29364021685086417,0.002449428309932347
1203.0,496.7790068387276,0.29388515968182694,0.0024494283093667467
1204.0,497.1916284247706,0.29413010251277394,0.0024494283098734594
1205.0,497.59675137452945,0.2943750453437866,0.0024494283095892787
1206.0,498.00618687696766,0.29461998817469365,0.002449428309559319
1207.0,498.415364730502,0.2948649310057018,0.002449428309893922
1208.0,498.82058502891164,0.2951098738366533,0.0024494283093628474
1209.0,499.23318041186104,0.29535481666761165,0.0024494283099190097
1210.0,499.6379009241716,0.29559975949861306,0.0024494283095172565
1211.0,500.04853000515084,0.2958447023295215,0.002449428309634768
1212.0,500.4564635218703,0.29608964516053954,0.0024494283098392957
1213.0,500.86231297438997,0.29633458799147977,0.002449428309378692
1214.0,501.2746058893472,0.29657953082244937,0.0024494283099467063
1215.0,501.6791144232365,0.29682447365343945,0.0024494283094547327
1216.0,502.09066060558837,0.2970694164843592,0.002449428309711908
1217.0,502.4975407516142,0.29731435931537725,0.00244942830977259
1218.0,502.9042101868334,0.29755930214630616,0.002449428309413659
1219.0,503.3159242699767,0.297804244977287,0.0024494283099549662
1220.0,503.7204112715687,0.29804918780826584,0.002449428309405994
1221.0,504.1325982198545,0.29829413063919685,0.0024494283097853124
1222.0,504.538615780784,0.2985390734702149,0.002449428309697993
1223.0,504.94629621388816,0.29878401630113255,0.00244942830946506
1224.0,505.357154948453,0.29902895913212474,0.0024494283099430825
1225.0,505.7618108878195,0.2992739019630922,0.002449428309374412
1226.0,506.1743623530588,0.29951884479403457,0.0024494283098502774
1227.0,506.57970797293234,0.2997637876250519,0.002449428309620902
1228.0,506.98859064330793,0.30000873045595894,0.002449428309529715
1229.0,507.3983173053578,0.3002536732869624,0.0024494283099119702
1230.0,507.8033327132191,0.3004986161179186,0.002449428309362015
1231.0,508.2159724782009,0.3007435589488722,0.0024494283099021235
1232.0,508.6208366977943,0.3009885017798783,0.0024494283095462463
1233.0,509.0310045686744,0.30123344461078533,0.0024494283096030407
1234.0,509.43943071100193,0.3014783874418001,0.002449428309863696
1235.0,509.8449962154036,0.301723330272745,0.0024494283093697356
1236.0,510.25744804041005,0.30196827310370994,0.002449428309937493
1237.0,510.6620213349651,0.3022132159347047,0.0024494283094791815
1238.0,511.0732208939251,0.3024581587656197,0.002449428309680077
1239.0,511.4805145292167,0.30270310159663777,0.0024494283098014658
1240.0,511.886820892317,0.3029480444275714,0.0024494283093969864
1241.0,512.2988084610824,0.3031929872585476,0.0024494283099539527
1242.0,512.7032812775869,0.30343793008953107,0.002449428309424253
1243.0,513.1152361371836,0.3036828729204574,0.00244942830975563
1244.0,513.5215881210977,0.3039278157514755,0.002449428309729534
1245.0,513.9288262761978,0.3041727585823978,0.0024494283094419578
1246.0,514.3400731419209,0.30441770141338526,0.0024494283099504442
1247.0,514.7446359360601,0.30466264424435746,0.0024494283093853056
1248.0,515.1570698181397,0.3049075870752951,0.0024494283098247674
1249.0,515.5626708487132,0.30515252990631314,0.002449428309652947
1250.0,515.9710319376659,0.3053974727372242,0.0024494283095016756
1251.0,516.3812614688898,0.30564241556822297,0.002449428309927145
1252.0,516.7861047417948,0.30588735839918385,0.0024494283093647487
1253.0,517.198741422583,0.3061323012301328,0.0024494283098824413
1254.0,517.6037820787893,0.3063772440611435,0.002449428309576517
1255.0,518.013441219661,0.30662218689205056,0.002449428309571848
1256.0,518.4223928160941,0.3068671297230606,0.0024494283098855617
1257.0,518.827707151012,0.3071120725540102,0.0024494283093640947
1258.0,519.2402704066877,0.3073570153849704,0.002449428309925046
1259.0,519.6449411863873,0.30760195821596986,0.0024494283095058012
1260.0,520.0557466303634,0.30784690104688023,0.0024494283096480637
1261.0,520.4634865495947,0.3080918438778983,0.0024494283098287187
1262.0,520.8694626486138,0.3083367867088366,0.002449428309383412
1263.0,521.2816762011926,0.3085817295398081,0.002449428309949524
1264.0,521.6861675585852,0.30882667237079625,0.002449428309445299
1265.0,522.0978428566724,0.3090716152017179,0.002449428309724853
1266.0,522.5045620311693,0.30931655803273594,0.0024494283097602804
1267.0,522.9113907521327,0.30956150086366296,0.0024494283094213987
1268.0,523.3229782154792,0.3098064436946458,0.0024494283099544068
1269.0,523.7274805981771,0.31005138652562264,0.0024494283093993534
1270.0,524.1397494336151,0.3102963293565556,0.002449428309797196
1271.0,524.5456386220345,0.31054127218757366,0.002449428309684904
1272.0,524.9535110157756,0.31078621501848935,0.002449428309475342
1273.0,525.3641958415611,0.3110311578494835,0.002449428309939113
1274.0,525.7688997274053,0.31127610068044903,0.0024494283093708944
1275.0,526.1814858605061,0.31152104351139326,0.0024494283098601562
1276.0,526.5867356865397,0.3117659863424087,0.0024494283096078064
1277.0,526.995843034574,0.31201092917331574,0.002449428309541768
1278.0,527.4053484579932,0.31225587200432114,0.0024494283099048652
1279.0,527.810444391741,0.3125008148352754,0.0024494283093619107
1280.0,528.2230716052837,0.312745757666231,0.002449428309909412
1281.0,528.6278725958445,0.3129907004972351,0.0024494283095340915
1282.0,529.0382364226721,0.31323564332814213,0.002449428309616067
1283.0,529.4464554337114,0.31348058615915886,0.00244942830985392
1284.0,529.8521340637228,0.3137255289901018,0.0024494283093730337
1285.0,530.2645261087297,0.31397047182106863,0.002449428309941684
1286.0,530.6690687315983,0.31421541465206143,0.0024494283094687874
1287.0,531.0804169887248,0.3144603574829784,0.0024494283096931995
1288.0,531.4875361318153,0.31470530031399646,0.0024494283097896965
1289.0,531.8939882468721,0.31495024314492814,0.002449428309403484
1290.0,532.3058687885896,0.3151951859759063,0.0024494283099548092
1291.0,532.7103434896294,0.3154401288068878,0.002449428309416437
1292.0,533.1223998122115,0.3156850716378161,0.002449428309768113
1293.0,533.5286099133049,0.3159300144688342,0.002449428309716685
1294.0,533.9360264796964,0.31617495729975453,0.0024494283094512203
1295.0,534.3471190435981,0.31641990013074395,0.0024494283099477875
1296.0,534.7517162836631,0.3166648429617142,0.002449428309380335
1297.0,535.1642044067186,0.3169097857926538,0.002449428309835425
1298.0,535.5696961407834,0.31715472862367183,0.0024494283096395883
1299.0,535.9782683397925,0.3173996714545809,0.0024494283095129474
1300.0,536.388296257419,0.31764461428558166,0.002449428309921213
1301.0,536.7932065490793,0.3178895571165406,0.002449428309363198
1302.0,537.2058502526716,0.3181344999474915,0.0024494283098909246
1303.0,537.610814182142,0.31837944277850033,0.002449428309563934
1304.0,538.0206888774351,0.31862438560940737,0.0024494283095846205
1305.0,538.4294198025138,0.3188693284404194,0.0024494283098768347
1306.0,538.834833746726,0.31911427127136704,0.0024494283093659634
1307.0,539.247356801604,0.3193592141023292,0.002449428309930509
1308.0,539.6519834142347,0.3196041569333267,0.002449428309494505
1309.0,540.0629571426905,0.31984909976423903,0.0024494283096611886
1310.0,540.4705090439455,0.3200940425952571,0.0024494283098176416
1311.0,540.8766173668008,0.32033898542619343,0.0024494283093886185
1312.0,541.2887434803171,0.32058392825716686,0.0024494283099517934
1313.0,541.6932232265628,0.3208288710881531,0.00244942830943635
1314.0,542.105019565731,0.3210738139190767,0.0024494283097377116
1315.0,542.5115833431336,0.32131875675009475,0.002449428309747757
1316.0,542.9185769328168,0.3215636995810198,0.002449428309429563
1317.0,543.3300296949429,0.3218086424120046,0.0024494283099531678
1318.0,543.7345530249802,0.3220535852429795,0.0024494283093931305
1319.0,544.1468956751669,0.3222985280739144,0.0024494283098087186
1320.0,544.5526620615686,0.32254347090493246,0.002449428309671675
1321.0,544.9607320056622,0.3227884137358462,0.0024494283094858953
1322.0,545.3712348349196,0.32303335656684223,0.0024494283099345086
1323.0,545.7759922354303,0.32327829939780584,0.002449428309367894
1324.0,546.1886049646449,0.323523242228752,0.002449428309869646
1325.0,546.5937645645037,0.3237681850597655,0.002449428309594869
1326.0,547.0031025999946,0.32401312789067255,0.002449428309554117
1327.0,547.412378276887,0.3242580707216799,0.0024494283098972953
1328.0,547.8175603077376,0.3245030135526322,0.0024494283093623734
1329.0,548.230166897165,0.3247479563835897,0.0024494283099161644
1330.0,548.6349102246312,0.3249928992145919,0.0024494283095221584
1331.0,549.0454619268113,0.3252378420454995,0.0024494283096291648
1332.0,549.453479388517,0.32548278487651755,0.0024494283098437423
1333.0,549.8592767194572,0.3257277277074586,0.002449428309376901
1334.0,550.2716009092815,0.3259726705384274,0.002449428309945342
1335.0,550.6761184257622,0.3262176133694183,0.002449428309458857
1336.0,551.0876073049965,0.3264625562003372,0.0024494283097063743
1337.0,551.4945575322863,0.32670749903135526,0.0024494283097777816
1338.0,551.9011609798054,0.326952441862285,0.0024494283094105536
1339.0,552.3129264152076,0.3271973846932651,0.0024494283099550746
1340.0,552.7174085665197,0.3274423275242447,0.002449428309409032
1341.0,553.1295582789454,0.32768727035517486,0.0024494283097802627
1342.0,553.5356320692076,0.3279322131861929,0.0024494283097035974
1343.0,553.9432326336773,0.3281771560171114,0.002449428309460836
1344.0,554.3541628108243,0.32842209884810275,0.0024494283099445544
1345.0,554.7588000640634,0.32866704167907107,0.0024494283093759806
1346.0,555.1713343562678,0.3289119845100126,0.0024494283098458703
1347.0,555.5767223625271,0.32915692734103064,0.0024494283096264833
1348.0,555.9855112657718,0.3294018701719378,0.00244942830952475
1349.0,556.3953294776085,0.32964681300294046,0.0024494283099149475
1350.0,556.8003123578552,0.3298917558338975,0.002449428309362329
1351.0,557.212955012152,0.3301366986648503,0.00244942830989893
1352.0,557.6178477814078,0.3303816414958572,0.002449428309551501
1353.0,558.0279299481664,0.33062658432676423,0.0024494283095975334
1354.0,558.4364457864888,0.3308715271577782,0.002449428309867686
1355.0,558.8419649134826,0.3311164699887239,0.002449428309368442
1356.0,559.2544396936105,0.331361412819688,0.0024494283099354714
1357.0,559.6590277046042,0.3316063556506836,0.0024494283094836423
1358.0,560.0701616397984,0.3318512984815978,0.002449428309674452
1359.0,560.4775311016402,0.33209624131261584,0.0024494283098063854
1360.0,560.8837772265554,0.3323411841435503,0.002449428309394433
1361.0,561.2958078236261,0.33258612697452566,0.002449428309953501
1362.0,561.7002815241502,0.33283106980550997,0.0024494283094278553
1363.0,562.1121908302434,0.3330760126364355,0.0024494283097504154
1364.0,562.5186047842323,0.33332095546745355,0.0024494283097350766
1365.0,562.9257688266848,0.3335658982983767,0.002449428309438214
1366.0,563.3370788051984,0.3338108411293634,0.0024494283099513905
1367.0,563.7416286490668,0.33405578396033636,0.0024494283093874796
1368.0,564.1540370418237,0.33430072679127315,0.0024494283098199445
1369.0,564.5596861961379,0.3345456696222912,0.002449428309658401
1370.0,564.9679592815629,0.334790612453203,0.0024494283094967937
1371.0,565.3782720253026,0.335035555284201,0.0024494283099294116
1372.0,565.7830885091104,0.3352804981151627,0.0024494283093656013
1373.0,566.1957197626447,0.3355254409461108,0.0024494283098788067
1374.0,566.6007947036213,0.33577038377712237,0.0024494283095820467
1375.0,567.0103598126168,0.3360153266080294,0.0024494283095665755
1376.0,567.4194068587767,0.3362602694390387,0.002449428309889184
1377.0,567.8246805585713,0.3365052122699891,0.002449428309363456
1378.0,568.2372584508903,0.33675015510094847,0.002449428309922488
1379.0,568.6419496810142,0.3369950979319487,0.0024494283095105912
1380.0,569.0526811788426,0.33724004076285824,0.0024494283096423903
1381.0,569.460502672138,0.3374849835938763,0.0024494283098332333
1382.0,569.8664242801357,0.3377299264248154,0.002449428309381306
1383.0,570.2786725390081,0.3379748692557861,0.0024494283099483665
1384.0,570.683170514398,0.3382198120867751,0.002449428309449227
1385.0,571.094791940294,0.33846475491769595,0.0024494283097193335
1386.0,571.5015788273496,0.338709697748714,0.0024494283097654967
1387.0,571.9083391888317,0.3389546405796418,0.0024494283094179995
1388.0,572.3199814377954,0.3391995834106238,0.0024494283099546796
1389.0,572.7244766052993,0.3394445262416015,0.0024494283094021177
1390.0,573.1367116347641,0.3396894690725336,0.002449428309792232
1391.0,573.5426546855444,0.33993441190355167,0.00244942830969055
1392.0,573.9504448360639,0.3401793547344682,0.0024494283094709914
1393.0,574.3612045403949,0.3404242975654615,0.0024494283099408716
1394.0,574.7658873744222,0.3406692403964279,0.002449428309372254
1395.0,575.1784597640145,0.34091418322737127,0.002449428309855897
1396.0,575.5837496107201,0.3411591260583875,0.0024494283096132634
1397.0,575.992760813756,0.34140406888929453,0.0024494283095365665
1398.0,576.4023612262085,0.3416490117202991,0.002449428309907938
1399.0,576.8074222654215,0.3418939545512542,0.002449428309361908
1400.0,577.2200557981181,0.34213889738220893,0.0024494283099064013
1401.0,577.6248829734182,0.3423838402132139,0.002449428309539233
1402.0,578.0351645296938,0.3426287830441209,0.00244942830961051
1403.0,578.4434708647431,0.3428737258751368,0.002449428309858111
1404.0,578.849100748739,0.3431186687060806,0.002449428309371577
1405.0,579.2615191796897,0.34336361153704664,0.0024494283099399973
1406.0,579.6660741544016,0.3436085543680403,0.002449428309473185
1407.0,580.0773602193201,0.3438534971989564,0.0024494283096876527
1408.0,580.4845528193958,0.3440984400299745,0.0024494283097947324
1409.0,580.8909423255125,0.344343382860907,0.0024494283094006458
1410.0,581.3028693280113,0.3445883256918843,0.0024494283099545065
1411.0,581.7073425483444,0.34483326852286666,0.0024494283094197173
1412.0,582.1193567476583,0.34507821135379413,0.002449428309762873
1413.0,582.525626451194,0.3453231541848122,0.0024494283097222062
1414.0,582.932966531571,0.3455680970157334,0.002449428309447259
1415.0,583.3441256430647,0.345813039846722,0.0024494283099489836
1416.0,583.7487075675459,0.34605798267769305,0.002449428309382341
1417.0,584.1611736308723,0.3463029255086318,0.0024494283098308927
1418.0,584.5667111225002,0.34654786833964984,0.0024494283096452144
1419.0,584.9751929415318,0.34679281117055977,0.0024494283095080937
1420.0,585.3853075094772,0.3470377540015597,0.0024494283099237763
1421.0,585.7901886456855,0.34728269683251944,0.0024494283093637573
1422.0,586.2028303516516,0.3475276396634695,0.0024494283098873437
1423.0,586.6078262006978,0.3477725824944791,0.002449428309569222
1424.0,587.0176102987227,0.34801752532538616,0.0024494283095791527
1425.0,587.4264343003953,0.34826246815639733,0.002449428309880572
1426.0,587.8318052416314,0.3485074109873458,0.002449428309365073
1427.0,588.2443463634863,0.3487523538183071,0.0024494283099282224
1428.0,588.6489910618657,0.34899729664930546,0.0024494283094992518
1429.0,589.0598942764813,0.34924223948021693,0.0024494283096556115
1430.0,589.4675253812921,0.349487182311235,0.002449428309822381
1431.0,589.8735768433176,0.34973212514217217,0.00244942830938631
1432.0,590.2857410948363,0.3499770679731448,0.0024494283099508614
1433.0,590.6902250944627,0.35022201080413184,0.0024494283094400686
1434.0,591.1019709921401,0.3504669536350546,0.0024494283097322538
1435.0,591.5086001137263,0.35071189646607265,0.002449428309753085
1436.0,591.915522971701,0.35095683929699856,0.0024494283094259905
1437.0,592.3270339532,0.3512017821279825,0.002449428309953684
1438.0,592.7315477030288,0.35144672495895823,0.0024494283093956324
1439.0,593.1438599770198,0.3516916677898923,0.0024494283098037964
1440.0,593.5496778590589,0.35193661062091036,0.002449428309677256
1441.0,593.9576631848165,0.35218155345182495,0.0024494283094813286
1442.0,594.3682443290958,0.35242649628282013,0.002449428309936505
1443.0,594.7729783119221,0.35267143911378457,0.0024494283093690833
1444.0,595.1855807271603,0.3529163819447299,0.0024494283098656553
1445.0,595.5907779821457,0.35316132477574425,0.0024494283096003285
1446.0,596.0000170910484,0.3534062676066513,0.002449428309548802
1447.0,596.4093915999637,0.3536512104376578,0.0024494283099005328
1448.0,596.814536369103,0.35389615326861096,0.0024494283093620933
1449.0,597.2271527076441,0.3541410960995676,0.00244942830991336
1450.0,597.631919855015,0.35438603893057063,0.0024494283095272086
1451.0,598.0423927198195,0.35463098176147767,0.0024494283096236007
1452.0,598.4504951339991,0.3548759245924955,0.0024494283098481324
1453.0,598.8562413499818,0.35512086742343735,0.002449428309375219
1454.0,599.2685953568073,0.3553658102544053,0.002449428309943903
1455.0,599.673122860546,0.355610753085397,0.0024494283094630806
1456.0,600.0845529788554,0.3558556959163151,0.00244942830970082
1457.0,600.49157429393,0.35610063874733316,0.0024494283097828726
1458.0,600.8981127613403,0.35634558157826374,0.002449428309407458
1459.0,601.3099280903498,0.356590524409243,0.0024494283099549896
1460.0,601.7144063961613,0.3568354672402234,0.002449428309412053
1461.0,602.1265174153959,0.35708041007115277,0.0024494283097750585
1462.0,602.5326484407502,0.3573253529021708,0.0024494283097091347
1463.0,602.9401701453452,0.35757029573309007,0.0024494283094567263
1464.0,603.3511703053508,0.3578152385640806,0.0024494283099460628
1465.0,603.7557898775475,0.35806018139504975,0.0024494283093778445
1466.0,604.1683055395749,0.3583051242259904,0.0024494283098415387
1467.0,604.5737369374204,0.3585500670570085,0.002449428309632047
1468.0,604.9824330836631,0.35879500988791646,0.002449428309519664
1469.0,605.3923413842027,0.3590399527189183,0.002449428309917607
1470.0,605.7972927424189,0.35928489554987614,0.0024494283093625495
1471.0,606.2099368287903,0.3595298383808281,0.0024494283098955042
1472.0,606.6148591525491,0.35977478121183576,0.002449428309556691
1473.0,607.0248541562047,0.3600197240427428,0.0024494283095919988
1474.0,607.4334606984715,0.3602646668737559,0.0024494283098716505
1475.0,607.8389344543351,0.36050960970470247,0.0024494283093673967
1476.0,608.251430731961,0.36075455253566574,0.0024494283099335246
1477.0,608.6560344640708,0.36099949536666215,0.0024494283094883035
1478.0,609.0671013174085,0.36124443819757557,0.0024494283096688583
1479.0,609.4745476126968,0.3614893810285936,0.002449428309811186
1480.0,609.8807345065926,0.36173432385952886,0.0024494283093918095
1481.0,610.2928066736775,0.3619792666905034,0.0024494283099527436
1482.0,610.6972822629298,0.3622242095214885,0.0024494283094313265
1483.0,611.1091445580266,0.36246915235241317,0.0024494283097449884
1484.0,611.5156214881403,0.36271409518343123,0.002449428309740458
1485.0,611.9227124261968,0.3629590380143552,0.00244942830943446
1486.0,612.3340840582562,0.36320398084534106,0.0024494283099521937
1487.0,612.7386219567884,0.3634489236763149,0.002449428309389804
1488.0,613.1510034030371,0.3636938665072509,0.0024494283098152304
1489.0,613.5567016864998,0.36393880933826894,0.0024494283096640995
1490.0,613.9648877779338,0.3641837521691816,0.0024494283094921984
1491.0,614.375282273705,0.3644286950001787,0.002449428309931706
1492.0,614.7800729737693,0.36467363783114126,0.0024494283093665055
1493.0,615.1926973428843,0.36491858066208854,0.0024494283098749113
1494.0,615.5978075735966,0.36516352349310094,0.002449428309587399
1495.0,616.0072771912787,0.365408466324008,0.0024494283095611853
1496.0,616.4164206956135,0.36565340915501643,0.0024494283098926294
1497.0,616.8216547662513,0.36589835198596765,0.002449428309362895
1498.0,617.2342458377836,0.36614329481692626,0.0024494283099198563
1499.0,617.6389585230529,0.36638823764792733,0.0024494283095154723
1500.0,618.0496146163093,0.36663318047883603,0.002449428309636782
1501.0,618.4575186909764,0.3668781233098541,0.0024494283098377783
1502.0,618.8633868147268,0.36712306614079404,0.0024494283093794192
1503.0,619.2756683219128,0.3673680089717639,0.002449428309947201
1504.0,619.680173919972,0.3676129518027537,0.0024494283094532916
1505.0,620.0917400159716,0.36785789463367374,0.0024494283097138327
1506.0,620.4985956219617,0.3681028374646918,0.0024494283097706983
1507.0,620.9052886317401,0.36834778029562043,0.0024494283094147135
1508.0,621.3169842075063,0.3685927231266016,0.002449428309954843
1509.0,621.7214731646338,0.36883766595758005,0.0024494283094049223
1510.0,622.1336729308474,0.36908260878851135,0.00244942830978713
1511.0,622.539670849638,0.3693275516195294,0.002449428309696075
1512.0,622.9473797659152,0.36957249445044676,0.002449428309466627
1513.0,623.358212888856,0.36981743728143923,0.00244942830994253
1514.0,623.762875676223,0.37006238011240644,0.002449428309373809
1515.0,624.175432865168,0.37030732294334906,0.0024494283098517046
1516.0,624.5807637376705,0.3705522657743661,0.0024494283096188315
1517.0,624.9896798060911,0.37079720860527315,0.002449428309531429
1518.0,625.399373746232,0.3710421514362769,0.0024494283099108756
1519.0,625.8044008965988,0.3712870942672328,0.002449428309361935
1520.0,626.217039291164,0.37153203709818666,0.0024494283099032363
1521.0,626.6218936560017,0.37177697992919245,0.002449428309544375
1522.0,627.0320914829176,0.3720219227600995,0.0024494283096049194
1523.0,627.4404861497316,0.37226686559111455,0.0024494283098621572
1524.0,627.8460682941275,0.37251180842205917,0.002449428309370112
1525.0,628.2585116533044,0.3727567512530244,0.0024494283099381047
1526.0,628.6630799845285,0.37300169408401884,0.0024494283094775573
1527.0,629.0743023992715,0.37324663691493415,0.0024494283096820075
1528.0,629.4815694630689,0.3734915797459522,0.0024494283097996694
1529.0,629.887897367583,0.3737365225768855,0.002449428309397891
1530.0,630.2998693724293,0.373981465407862,0.0024494283099540937
1531.0,630.7043421167895,0.3742264082388452,0.002449428309423044
1532.0,631.1163127354151,0.3744713510697718,0.0024494283097575317
1533.0,631.5226430473188,0.37471629390078987,0.0024494283097276147
1534.0,631.9299076501384,0.3749612367317119,0.00244942830944329
1535.0,632.3411318497879,0.3752061795626997,0.0024494283099500366
1536.0,632.745699463678,0.37545112239367157,0.002449428309384465
1537.0,633.1581420101139,0.37569606522460947,0.002449428309826335
1538.0,633.5637262646223,0.3759410080556275,0.002449428309650898
1539.0,633.9721187134533,0.3761859508865383,0.0024494283095033145
1540.0,634.382318470992,0.37643089371753735,0.0024494283099262665
1541.0,634.7871714571929,0.37667583654849796,0.002449428309364469
1542.0,635.1998097083427,0.3769207793794472,0.0024494283098837467
1543.0,635.6048384818744,0.37716572221045763,0.0024494283095746264
1544.0,636.0145305233883,0.37741066504136467,0.002449428309573763
1545.0,636.4234486098926,0.37765560787237507,0.002449428309884277
1546.0,636.8287775542436,0.37790055070332434,0.0024494283093643237
1547.0,637.2413352855714,0.37814549353428484,0.002449428309925889
1548.0,637.6459990743984,0.378390436365284,0.002449428309504082
1549.0,638.0568303168936,0.37863537919619467,0.0024494283096500413
1550.0,638.4645416323934,0.3788803220272127,0.0024494283098270863
1551.0,638.8705372405204,0.37912526485815073,0.0024494283093841754
1552.0,639.2827381719394,0.37937020768912255,0.0024494283099499247
1553.0,639.6872274296297,0.3796151505201104,0.002449428309443955
1554.0,640.0989214282048,0.3798600933510324,0.0024494283097268002
1555.0,640.5056169002116,0.38010503618205044,0.002449428309758369
1556.0,640.9124700344465,0.3803499790129771,0.0024494283094225002
1557.0,641.3240377763325,0.3805949218439602,0.0024494283099541427
1558.0,641.7285429508148,0.38083986467493675,0.002449428309398311
1559.0,642.1408233913762,0.38108480750587,0.0024494283097989253
1560.0,642.5466937745981,0.38132975033688804,0.0024494283096829243
1561.0,642.9545954912251,0.38157469316780346,0.0024494283094769094
1562.0,643.3652534903702,0.38181963599879787,0.0024494283099384556
1563.0,643.7699650607458,0.38206457882976314,0.0024494283093703982
1564.0,644.1825557048638,0.3823095216607077,0.002449428309861606
1565.0,644.5877916200309,0.3825544644917228,0.0024494283096058475
1566.0,644.9969332069915,0.38279940732262985,0.0024494283095435735
1567.0,645.4064046923122,0.3830443501536355,0.002449428309903709
1568.0,645.8115132055399,0.3832892929845895,0.002449428309361913
1569.0,646.2241378358551,0.38353423581554535,0.0024494283099104563
1570.0,646.6289298078932,0.3837791786465492,0.00244942830953229
1571.0,647.0393223766789,0.38402412147745624,0.0024494283096180417
1572.0,647.4475107508979,0.38426906430847324,0.002449428309852435
1573.0,647.8532068584825,0.3845140071394159,0.0024494283093736075
1574.0,648.2655892244896,0.38475894997038307,0.002449428309942295
1575.0,648.6701277201523,0.3850038928013756,0.0024494283094672917
1576.0,649.0814976196834,0.38524883563229284,0.0024494283096951884
1577.0,649.4885910291263,0.3854937784633109,0.0024494283097878993
1578.0,649.8950655239429,0.3857387212942423,0.002449428309404483
1579.0,650.3069292879746,0.3859836641252207,0.0024494283099548595
1580.0,650.7114047530495,0.386228606956202,0.002449428309415273
1581.0,651.1234756217381,0.38647354978713055,0.002449428309769942
1582.0,651.529664887992,0.3867184926181486,0.0024494283097147296
1583.0,651.9371087413806,0.3869634354490687,0.002449428309452661
1584.0,652.3481774246086,0.38720837828005844,0.002449428309947381
1585.0,652.7527803208189,0.38745332111102837,0.002449428309379687
1586.0,653.1652758955231,0.3876982639419682,0.0024494283098370597
1587.0,653.5707516901884,0.38794320677298627,0.00244942830963766
1588.0,653.9793560894519,0.3881881496038951,0.0024494283095147316
1589.0,654.3893530177196,0.3884330924348961,0.0024494283099203225
1590.0,654.7942738594468,0.38867803526585476,0.0024494283093630356
1591.0,655.2069179206694,0.3889229780968059,0.0024494283098921523
1592.0,655.6118708037906,0.38916792092781444,0.0024494283095620574
1593.0,656.0217771852862,0.3894128637587215,0.002449428309586564
1594.0,656.4304754395318,0.3896578065897338,0.0024494283098754916
1595.0,656.8359048304857,0.38990274942068115,0.002449428309366294
1596.0,657.2484211480235,0.3901476922516436,0.0024494283099312864
1597.0,657.6530416059313,0.3903926350826408,0.00244942830949289
1598.0,658.0640399192677,0.3906375779135534,0.002449428309663246
1599.0,658.4715640549679,0.39088252074457147,0.0024494283098160327
1600.0,658.8776927249394,0.39112746357550754,0.002449428309389465
1601.0,659.2898050038051,0.3913724064064813,0.0024494283099520515
1602.0,659.6942834864858,0.3916173492374672,0.0024494283094349764
1603.0,660.1060973130596,0.39186229206839107,0.002449428309739551
1604.0,660.5126382254026,0.39210723489940913,0.002449428309745786
1605.0,660.9196570672289,0.3923521777303339,0.002449428309430755
1606.0,661.3310888936685,0.3925971205613189,0.0024494283099528837
1607.0,661.7356158517762,0.39284206339229355,0.00244942830939224
1608.0,662.1479688943185,0.39308700622322873,0.002449428309810468
1609.0,662.5537173123773,0.3933319490542468,0.002449428309669761
1610.0,662.961817419257,0.39357689188516026,0.0024494283094875875
1611.0,663.3722922066745,0.3938218347161566,0.002449428309933833
1612.0,663.7770581283121,0.39406677754711994,0.002449428309367528
1613.0,664.1896741558514,0.3943117203780664,0.002449428309871008
1614.0,664.59482068129,0.3945566632090796,0.0024494283095928483
1615.0,665.0041933481359,0.39480160603998665,0.0024494283095558836
1616.0,665.4134343191852,0.3950465488709943,0.00244942830989604
1617.0,665.8186297665816,0.39529149170194633,0.002449428309362489
1618.0,666.2312325599261,0.3955364345329041,0.0024494283099171714
1619.0,666.6359677050727,0.395781377363906,0.00244942830952043
1620.0,667.0465469352699,0.39602632019481393,0.0024494283096311658
1621.0,667.4545345986917,0.396271263025832,0.0024494283098422166
1622.0,667.8603502449034,0.3965162058567727,0.0024494283093775674
1623.0,668.2726635424727,0.39676114868774176,0.002449428309945879
1624.0,668.6771777678703,0.3970060915187324,0.0024494283094574163
1625.0,669.0886870762258,0.3972510343496516,0.0024494283097083545
1626.0,669.495612407587,0.39749597718066965,0.0024494283097759497
1627.0,669.9022390733594,0.3977409200115991,0.0024494283094116226
1628.0,670.3139865171837,0.3979858628425795,0.0024494283099550265
1629.0,670.7184702687355,0.3982308056735588,0.0024494283094079446
1630.0,671.1306333143987,0.3984757485044893,0.0024494283097820754
1631.0,671.5366871068945,0.39872069133550736,0.0024494283097016662
1632.0,671.9443157978151,0.3989656341664255,0.0024494283094623837
1633.0,672.3552208795213,0.39921057699741713,0.002449428309944091
1634.0,672.7598646253534,0.3994555198283852,0.0024494283093754376
1635.0,673.1724051565118,0.39970046265932696,0.0024494283098474246
1636.0,673.577778059967,0.39994540549034485,0.002449428309624464
1637.0,673.9866000040471,0.4001903483212519,0.0024494283095264253
1638.0,674.3963860106436,0.40043529115225485,0.0024494283099137965
1639.0,674.8013802778083,0.40068023398321156,0.002449428309362097
1640.0,675.2140220769763,0.4009251768141646,0.002449428309899986
1641.0,675.6189046361671,0.4011701196451712,0.0024494283095495973
1642.0,676.0290172748425,0.4014150624760782,0.00244942830959948
1643.0,676.4375012812582,0.40166000530709245,0.0024494283098663175
1644.0,676.8430366924104,0.4019049481380379,0.002449428309368945
1645.0,677.255503522137,0.4021498909690023,0.002449428309936256
1646.0,677.6600862145448,0.4023948337999976,0.0024494283094820993
1647.0,678.0712435210933,0.4026397766309121,0.002449428309676454
1648.0,678.4785860554166,0.40288471946193016,0.0024494283098046273
1649.0,678.884853365592,0.4031296622928643,0.0024494283093952694
1650.0,679.2968689144132,0.40337460512383994,0.0024494283099536092
1651.0,679.701342187523,0.4036195479548239,0.0024494283094264905
1652.0,680.1132677680107,0.4038644907857497,0.002449428309752186
1653.0,680.51965969426,0.40410943361676777,0.0024494283097330474
1654.0,680.9268498278911,0.4043543764476906,0.0024494283094394576
1655.0,681.3381376563427,0.4045993192786776,0.002449428309951018
1656.0,681.742691964609,0.4048442621096503,0.0024494283093866886
1657.0,682.1551095369838,0.4050892049405874,0.0024494283098216688
1658.0,682.5607415597281,0.4053341477716055,0.0024494283096564854
1659.0,682.9690456480324,0.405579090602517,0.0024494283094985006
1660.0,683.3793291345421,0.40582403343351525,0.0024494283099285802
1661.0,683.7841549761413,0.40606897626447663,0.0024494283093652145
1662.0,684.1967883152964,0.406313919095425,0.00244942830988002
1663.0,684.601851018246,0.4065588619264363,0.002449428309580024
1664.0,685.0114495439242,0.40680380475734335,0.0024494283095684083
1665.0,685.4204627235871,0.4070487475883529,0.0024494283098879157
1666.0,685.8257506770902,0.407293690419303,0.0024494283093636914
1667.0,686.2383235604194,0.40753863325026274,0.002449428309923429
1668.0,686.6430074444015,0.4077835760812627,0.0024494283095088908
1669.0,687.053765256436,0.4080285189121725,0.002449428309644376
1670.0,687.4615577898315,0.40827346174319057,0.0024494283098316343
1671.0,687.8674985509238,0.4085184045741294,0.0024494283093820465
1672.0,688.2797347041937,0.4087633474051004,0.002449428309948795
1673.0,688.6842302246259,0.4090082902360891,0.0024494283094478094
1674.0,689.095870866448,0.4092532330670102,0.0024494283097212357
1675.0,689.502633695171,0.4094981758980283,0.0024494283097635807
1676.0,689.9094181135526,0.4097431187289558,0.002449428309419131
1677.0,690.3210411569135,0.40998806155993806,0.00244942830995456
1678.0,690.7255387608919,0.4102330043909154,0.0024494283094011167
1679.0,691.1377859107721,0.4104779472218478,0.0024494283097939947
1680.0,691.5437098007656,0.4107228900528659,0.0024494283096885374
1681.0,691.9515289173703,0.41096783288378214,0.0024494283094724915
1682.0,692.3622623113198,0.4112127757147757,0.002449428309940242
1683.0,692.7669524744451,0.4114577185457418,0.002449428309371765
1684.0,693.1795298903027,0.41170266137668554,0.0024494283098574353
1685.0,693.5848054707348,0.4119476042077015,0.002449428309611355
1686.0,693.9938505553964,0.4121925470386085,0.002449428309538397
1687.0,694.403417546513,0.41243748986961337,0.0024494283099068216
1688.0,694.8084908095807,0.41268243270056815,0.0024494283093618547
1689.0,695.2211222743547,0.41292737553152314,0.0024494283099074496
1690.0,695.6259400758368,0.4131723183625278,0.0024494283095374053
1691.0,696.0362508898914,0.41341726119343486,0.002449428309612492
1692.0,696.4445262317955,0.41366220402445103,0.002449428309856657
1693.0,696.8501732374793,0.41390714685539454,0.002449428309372083
1694.0,697.2625825048926,0.41415208968636086,0.002449428309940597
1695.0,697.6671329971458,0.4143970325173542,0.0024494283094716224
1696.0,698.0784412199978,0.41464197534827063,0.002449428309689624
1697.0,698.485607730457,0.4148869181792887,0.0024494283097929747
1698.0,698.8920192601187,0.41513186101022087,0.0024494283094016575
1699.0,699.3039300006526,0.41537680384119846,0.0024494283099546306
1700.0,699.7084036297418,0.41562174667218055,0.002449428309418514
1701.0,700.1204328905025,0.4158666895031083,0.0024494283097646545
1702.0,700.5266814035128,0.41611163233412635,0.00244942830972019
1703.0,700.9340484142731,0.41635657516504726,0.0024494283094486377
1704.0,701.3451841611732,0.4166015179960362,0.0024494283099486145
1705.0,701.7497713864258,0.41684646082700694,0.002449428309381698
1706.0,702.1622454166549,0.417091403657946,0.00244942830983258
1707.0,702.5677666134092,0.41733634648896406,0.0024494283096432846
1708.0,702.9762802756109,0.41758128931987365,0.002449428309509818
1709.0,703.3863643707385,0.41782623215087383,0.002449428309922871
1710.0,703.7912557014763,0.4180711749818333,0.002449428309363531
1711.0,704.2038982803418,0.41831611781278366,0.0024494283098886126
1712.0,704.6088827277057,0.418561060643793,0.0024494283095673522
1713.0,705.0186990279058,0.41880600347470004,0.0024494283095810882
1714.0,705.4274900022506,0.41905094630571155,0.002449428309879283
1715.0,705.8328760344594,0.4192958891366597,0.002449428309365425
1716.0,706.2454109343589,0.4195408319676213,0.0024494283099291045
1717.0,706.6500491227539,0.4197857747986194,0.0024494283094976094
1718.0,707.0609774378873,0.42003071762953115,0.0024494283096575848
1719.0,707.4685804210354,0.4202756604605492,0.002449428309820706
1720.0,707.8746518741069,0.4205206032914861,0.0024494283093871466
1721.0,708.286802806577,0.42076554612245903,0.002449428309951268
1722.0,708.6912851873786,0.4210104889534458,0.0024494283094387945
1723.0,709.1030490878677,0.42125543178436886,0.002449428309734191
1724.0,709.5096549886,0.4215003746153869,0.002449428309751185
1725.0,709.9166027422775,0.4217453174463125,0.002449428309427226
1726.0,710.3280933040091,0.4219902602772967,0.0024494283099535255
1727.0,710.7326103265821,0.4222352031082722,0.002449428309394762
1728.0,711.1449335082061,0.4224801459392065,0.0024494283098055775
1729.0,711.550733066349,0.4227250887702246,0.0024494283096753154
1730.0,711.9587481980121,0.4229700316011389,0.002449428309482973
1731.0,712.3693018167893,0.4232149744321344,0.002449428309935846
1732.0,712.7740439652812,0.42345991726309856,0.0024494283093686666
1733.0,713.1866501940945,0.42370486009404423,0.0024494283098670582
1734.0,713.5918340192766,0.42394980292505824,0.002449428309598359
1735.0,714.001108275677,0.4241947457559653,0.002449428309550657
1736.0,714.4104477220721,0.42443968858697206,0.0024494283098994065
1737.0,714.8156055520927,0.42468463141792495,0.0024494283093622086
1738.0,715.2282186098754,0.4249295742488819,0.0024494283099143945
1739.0,715.6329772196436,0.42517451707988463,0.0024494283095254296
1740.0,716.043478128229,0.4254194599107917,0.0024494283096255618
1741.0,716.4515503878656,0.4256644027418098,0.0024494283098465703
1742.0,716.8573145631832,0.42590934557275134,0.002449428309375773
1743.0,717.2696581932532,0.4261542884037196,0.0024494283099443935
1744.0,717.6741820506563,0.426399231234711,0.002449428309461548
1745.0,718.0856331135765,0.4266441740656294,0.00244942830970276
1746.0,718.4926291768069,0.42688911689664744,0.0024494283097810533
1747.0,718.8991905061929,0.42713405972757773,0.0024494283094085127
1748.0,719.3109883593994,0.42737900255855726,0.0024494283099549727
1749.0,719.7154679101599,0.4276239453895374,0.002449428309410916
1750.0,720.1275927779506,0.4278688882204671,0.002449428309776873
1751.0,720.533703449894,0.42811383105148515,0.0024494283097071757
1752.0,720.9412529242506,0.4283587738824041,0.002449428309458182
1753.0,721.3522285049669,0.4286037167133949,0.0024494283099455658
1754.0,721.7568542143595,0.42884865954436374,0.0024494283093771958
1755.0,722.1693766305904,0.4290936023753047,0.002449428309843076
1756.0,722.5747925701866,0.42933854520632275,0.0024494283096300573
1757.0,722.9835214000929,0.42958348803723045,0.002449428309521421
1758.0,723.3933980120224,0.4298284308682326,0.002449428309916642
1759.0,723.7983604015849,0.43007337369919013,0.0024494283093624216
1760.0,724.2110041481092,0.4303183165301424,0.0024494283098966977
1761.0,724.6159159064866,0.4305632593611498,0.002449428309554832
1762.0,725.0259418979673,0.43080820219205684,0.0024494283095939447
1763.0,725.4345162519041,0.43105314502307024,0.0024494283098702475
1764.0,725.8400059361106,0.43129808785401647,0.0024494283093677367
1765.0,726.25249477875,0.43154303068498,0.002449428309934207
1766.0,726.6570928370168,0.43178797351597614,0.0024494283094866347
1767.0,727.0681835772996,0.43203291634688984,0.002449428309670836
1768.0,727.4756025890205,0.4322778591779079,0.002449428309809497
1769.0,727.8818103120485,0.43252280200884285,0.00244942830939272
1770.0,728.2938679465323,0.4327677448398177,0.002449428309953001
1771.0,728.698342753104,0.43301268767080253,0.0024494283094300415
1772.0,729.1102218379721,0.4332576305017275,0.002449428309746843
1773.0,729.5166763845984,0.43350257333274556,0.002449428309738483
1774.0,729.9237930573231,0.4337475161636692,0.0024494283094357028
1775.0,730.3351430553038,0.43399245899465533,0.0024494283099518806
1776.0,730.7396850628892,0.43423740182562887,0.0024494283093889815
1777.0,731.1520762040213,0.43448234465656516,0.002449428309816965
1778.0,731.5577570003951,0.4347272874875832,0.002449428309662158
1779.0,731.9659737377455,0.4349722303184956,0.002449428309493863
1780.0,732.3763394927058,0.43521717314949304,0.002449428309930927
1781.0,732.7811391950703,0.43546211598045526,0.0024494283093661694
1782.0,733.1937661650625,0.4357070588114028,0.0024494283098762627
1783.0,733.5988638023866,0.4359520016424149,0.002449428309585425
1784.0,734.0083673528217,0.4361969444733219,0.0024494283095629846
1785.0,734.4174766340594,0.43644188730433064,0.0024494283098913257
1786.0,734.8227246026994,0.4366868301352816,0.0024494283093630196
1787.0,735.2353111805893,0.4369317729662405,0.002449428309920792
1788.0,735.6400161644436,0.43717671579724127,0.0024494283095137788
1789.0,736.050699087616,0.4374216586281503,0.0024494283096388
1790.0,736.4585738461881,0.43766660145916836,0.0024494283098361967
1791.0,736.8644607670428,0.437911544290108,0.0024494283093800676
1792.0,737.2767306841657,0.43815648712107813,0.002449428309947608
1793.0,737.6812334720131,0.43840142995206766,0.0024494283094518374
1794.0,738.0928192993919,0.43864637278298796,0.0024494283097157695
1795.0,738.4996504911854,0.438891315614006,0.002449428309768839
1796.0,738.9063672015201,0.43913625844493437,0.00244942830941583
1797.0,739.3180440875155,0.43938120127591584,0.002449428309954772
1798.0,739.7225351258138,0.43962614410689405,0.0024494283094039135
1799.0,740.1347475277422,0.4398710869378257,0.0024494283097889497
1800.0,740.5407259301404,0.44011602976884373,0.002449428309694149
1801.0,740.9484634557364,0.44036097259976076,0.002449428309468179
1802.0,741.359270784522,0.4406059154307535,0.002449428309941955
1803.0,741.7639405455649,0.44085085826172044,0.0024494283093732337
1804.0,742.1765032760227,0.44109580109266333,0.0024494283098532126
1805.0,742.5818195268336,0.4413407439236801,0.0024494283096169
1806.0,742.9907691196186,0.44158568675458715,0.002449428309533283
1807.0,743.4004301551457,0.4418306295855912,0.0024494283099098803
1808.0,743.8054691737586,0.4420755724165468,0.0024494283093619137
1809.0,744.2181060156984,0.442320515247501,0.0024494283099043466
1810.0,744.6229506514171,0.44256545807850645,0.002449428309542534
1811.0,745.033178251958,0.4428104009094135,0.0024494283096069074
1812.0,745.441541569273,0.4430553437404288,0.002449428309860766
1813.0,745.8471404794927,0.44330028657137316,0.0024494283093706363
1814.0,746.25957519058,0.44354522940233865,0.0024494283099387735
1815.0,746.6641386840918,0.44379017223333284,0.002449428309475962
1816.0,747.0753837723147,0.4440351150642485,0.0024494283096839708
1817.0,747.4826243905037,0.44428005789526653,0.002449428309797927
1818.0,747.8889739623743,0.44452500072619955,0.0024494283093988963
1819.0,748.3009302209542,0.44476994355717636,0.0024494283099543226
1820.0,748.7054030187956,0.4450148863881593,0.0024494283094219135
1821.0,749.1173892142185,0.4452598292190862,0.002449428309759453
1822.0,749.5236979798935,0.44550477205010425,0.0024494283097257112
1823.0,749.9309891565135,0.445749714881026,0.00244942830944468
1824.0,750.3421905076199,0.4459946577120141,0.0024494283099496723
1825.0,750.7467630669165,0.44623960054298567,0.002449428309383697
1826.0,751.159214095512,0.4464845433739239,0.0024494283098279337
1827.0,751.5647816996598,0.44672948620494196,0.002449428309648867
1828.0,751.9732056346131,0.4469744290358524,0.002449428309505001
1829.0,752.3833754358383,0.44721937186685173,0.0024494283099254235
1830.0,752.7882382610458,0.44746431469781206,0.0024494283093642304
1831.0,753.2008779003595,0.44770925752876156,0.002449428309885064
1832.0,753.6058949168676,0.44795420035977174,0.0024494283095727563
1833.0,754.0156196765577,0.4481991431906788,0.0024494283095757258
1834.0,754.424504379209,0.44844408602168945,0.0024494283098830134
1835.0,754.8298480587828,0.44868902885263845,0.0024494283093645696
1836.0,755.2424000835281,0.4489339716835993,0.0024494283099266803
1837.0,755.6470570071058,0.4491789145145981,0.0024494283095022936
1838.0,756.0579138657769,0.44942385734550905,0.0024494283096519243
1839.0,756.465596703481,0.4496688001765271,0.002449428309825374
1840.0,756.8716119466086,0.4499137430074648,0.0024494283093849036
1841.0,757.2838000745611,0.4501586858384369,0.002449428309950291
1842.0,757.6882873581689,0.45040362866942446,0.0024494283094426074
1843.0,758.0999998749749,0.4506485715003467,0.0024494283097287605
1844.0,758.5066717703136,0.45089351433136476,0.002449428309756509
1845.0,758.9135494438407,0.4511384571622912,0.0024494283094237137
1846.0,759.3250972818514,0.45138339999327454,0.0024494283099539813
1847.0,759.7296053737587,0.4516283428242508,0.002449428309397348
1848.0,760.1418972372364,0.4518732856551843,0.0024494283098006604
1849.0,760.5477489409939,0.45211822848620237,0.0024494283096809393
1850.0,760.9556801066801,0.4523631713171175,0.0024494283094784863
1851.0,761.3663110966268,0.4526081141481122,0.0024494283099377816
1852.0,761.7710304772187,0.4528530569790772,0.002449428309369911
1853.0,762.183625450161,0.453097999810022,0.0024494283098630255
1854.0,762.5888475801316,0.45334294264103686,0.0024494283096038695
1855.0,762.99802353237,0.4535878854719439,0.0024494283095454236
1856.0,763.4074608968547,0.4538328283029499,0.0024494283099026266
1857.0,763.812582115316,0.4540777711339036,0.0024494283093619974
1858.0,764.2252039801888,0.4543227139648597,0.0024494283099115123
1859.0,764.629987059336,0.45456765679586325,0.0024494283095304907
1860.0,765.0404081876902,0.4548125996267703,0.0024494283096199825
1861.0,765.4485660510796,0.45505754245778757,0.0024494283098508616
1862.0,765.8542797620845,0.45530248528872996,0.00244942830937408
1863.0,766.2666522668193,0.4555474281196974,0.0024494283099428162
1864.0,766.671186760894,0.45579237095068964,0.0024494283094657916
1865.0,767.0825781205417,0.4560373137816072,0.0024494283096972457
1866.0,767.4896459222028,0.4562822566126253,0.0024494283097862193
1867.0,767.8961429227442,0.4565271994435564,0.0024494283094055923
1868.0,768.3079897267245,0.4567721422745351,0.00244942830995494
1869.0,768.7124660814632,0.4570170851055161,0.002449428309414092
1870.0,769.1245513140349,0.45726202793644494,0.0024494283097716905
1871.0,769.5307198712164,0.457506970767463,0.002449428309712682
1872.0,769.9381911377094,0.4577519135983828,0.002449428309454038
1873.0,770.349235757769,0.4579968564293728,0.0024494283099469123
1874.0,770.7538444357883,0.4582417992603425,0.002449428309379049
1875.0,771.1663472799468,0.45848674209128265,0.002449428309838697
1876.0,771.5718072609059,0.4587316849223007,0.002449428309635736
1877.0,771.9804439866987,0.45897662775320924,0.0024494283095165327
1878.0,772.3904097429482,0.45922157058421054,0.0024494283099194027
1879.0,772.7953412604646,0.4594665134151689,0.0024494283093628383
1880.0,773.207985497116,0.45971145624612036,0.0024494283098933037
1881.0,773.6129274595328,0.4599563990771286,0.002449428309560107
1882.0,774.0228653447881,0.46020134190803563,0.0024494283095884643
1883.0,774.4315310542509,0.46044628473904825,0.002449428309874158
1884.0,774.8369760177519,0.4606912275699953,0.0024494283093666968
1885.0,775.2494854157051,0.460936170400958,0.0024494283099320913
1886.0,775.6540998445114,0.46118111323195493,0.002449428309491216
1887.0,776.0651225604026,0.4614260560628678,0.0024494283096651494
1888.0,776.472619056462,0.46167099889388585,0.0024494283098142624
1889.0,776.8787681994623,0.46191594172482164,0.0024494283093902764
1890.0,777.2908664613553,0.4621608845557957,0.002449428309952325
1891.0,777.6953438060924,0.4624058273867813,0.002449428309433667
1892.0,778.1071749378261,0.4626507702177055,0.00244942830974145
1893.0,778.5136931109141,0.46289571304872357,0.0024494283097439016
1894.0,778.9207373309284,0.46314065587964803,0.0024494283094321045
1895.0,779.3321480392453,0.46338559871063334,0.0024494283099527245
1896.0,779.7366787510696,0.4636305415416077,0.0024494283093914283
1897.0,780.1490420037658,0.46387548437254317,0.002449428309812165
1898.0,780.5547725792021,0.4641204272035612,0.0024494283096677203
1899.0,780.9629029750703,0.4643653700344744,0.0024494283094891652
1900.0,781.3733495380612,0.46461031286547105,0.0024494283099330528
1901.0,781.7781241065209,0.4648552556964341,0.0024494283093671287
1902.0,782.1907432501905,0.4651001985273809,0.002449428309872373
1903.0,782.5958768268708,0.4653451413583938,0.0024494283095908846
1904.0,783.0052839425703,0.4655900841893008,0.0024494283095577306
1905.0,783.41449033389,0.4658350270203087,0.0024494283098948485
1906.0,783.8196993236004,0.4660799698512605,0.0024494283093626492
1907.0,784.2322981386397,0.46632491268221854,0.0024494283099181758
1908.0,784.6370252270945,0.46656985551322017,0.0024494283095187115
1909.0,785.0476318029395,0.46681479834412837,0.002449428309633163
1910.0,785.4555897940445,0.4670597411751464,0.002449428309840644
1911.0,785.8614238813934,0.4673046840060869,0.0024494283093781707
1912.0,786.2737261044218,0.4675496268370562,0.002449428309946275
1913.0,786.6782371643544,0.4677945696680465,0.002449428309455853
1914.0,787.0897667195569,0.46803951249896597,0.002449428309710185
1915.0,787.4966672808363,0.46828445532998403,0.0024494283097740194
1916.0,787.9033172908496,0.46852939816091316,0.0024494283094126865
1917.0,788.3150465607107,0.4687743409918938,0.0024494283099550014
1918.0,788.7195320381353,0.46901928382287283,0.002449428309406909
1919.0,789.1317082348204,0.46926422665380363,0.002449428309783899
1920.0,789.5377421553023,0.4695091694848217,0.002449428309699713
1921.0,789.9453990988079,0.46975411231573955,0.002449428309463887
1922.0,790.3562789025531,0.4699990551467315,0.0024494283099435574
1923.0,790.7609292666499,0.4702439979776992,0.002449428309374854
1924.0,791.1734758545691,0.4704889408086413,0.0024494283098489495
1925.0,791.5788337809036,0.4707338836396589,0.002449428309622471
1926.0,791.987688892125,0.47097882647056594,0.0024494283095281826
1927.0,792.3974425107903,0.4712237693015692,0.002449428309912781
1928.0,792.802448290608,0.4714687121325256,0.0024494283093620373
1929.0,793.215089052441,0.471713654963479,0.0024494283099011495
1930.0,793.6199615272058,0.4719585977944853,0.0024494283095477317
1931.0,794.0301044553784,0.4722035406253923,0.0024494283096013723
1932.0,794.4385567559118,0.47244848345640683,0.002449428309864828
1933.0,794.8441085770445,0.47269342628735195,0.0024494283093693297
1934.0,795.2565672741149,0.4729383691183166,0.0024494283099369177
1935.0,795.6611447735556,0.4731833119493116,0.0024494283094804916
1936.0,796.0723252691492,0.47342825478022643,0.002449428309678415
1937.0,796.479641001848,0.4736731976112445,0.0024494283098028787
1938.0,796.8859296232173,0.47391814044217834,0.002449428309396187
1939.0,797.2979299414492,0.4741630832731543,0.0024494283099537905
1940.0,797.7024029127691,0.474408026104138,0.0024494283094252446
1941.0,798.1143445854152,0.4746529689350641,0.0024494283097540523
1942.0,798.5207146097138,0.47489791176608215,0.002449428309731116
1943.0,798.9279309605936,0.47514285459700467,0.0024494283094408176
1944.0,799.3391964565238,0.4753877974279919,0.002449428309950715
1945.0,799.7437553548406,0.47563274025896435,0.0024494283093859114
1946.0,800.156181924635,0.47587768308990175,0.002449428309823321
1947.0,800.5617969415183,0.4761226259209198,0.002449428309654484
1948.0,800.9701321589336,0.47636756875183106,0.0024494283095001707
1949.0,801.3803862055976,0.47661251158282963,0.002449428309927751
1950.0,801.7852215306939,0.47685745441379074,0.0024494283093649074
1951.0,802.1978567732733,0.4771023972447394,0.002449428309881317
1952.0,802.6029073638502,0.47734734007575036,0.0024494283095780854
1953.0,803.0125391237348,0.4775922829066574,0.0024494283095702887
1954.0,803.4215185629877,0.47783722573766724,0.002449428309886635
1955.0,803.8268208959825,0.47808216856861707,0.00244942830936387
1956.0,804.2393885880911,0.47832711139957707,0.002449428309924257
1957.0,804.6440652515555,0.47857205423057675,0.002449428309507154
1958.0,805.0548491954456,0.4788169970614869,0.0024494283096463884
1959.0,805.4626128948865,0.47906193989250495,0.0024494283098300674
1960.0,805.8685729349576,0.47930688272344346,0.002449428309382815
1961.0,806.2807968003249,0.4795518255544147,0.002449428309949204
1962.0,806.6852899914184,0.4797967683854031,0.002449428309446391
1963.0,807.0969496669047,0.4800417112163245,0.0024494283097231382
1964.0,807.5036885631242,0.48028665404734255,0.002449428309761692
1965.0,807.9104971644163,0.4805315968782698,0.002449428309420301
1966.0,808.3221008197686,0.4807765397092524,0.002449428309954429
1967.0,808.7266009858594,0.4810214825402295,0.0024494283094000993
1968.0,809.1388600739458,0.48126642537116215,0.002449428309795702
1969.0,809.5447649288908,0.4815113682021802,0.0024494283096865364
1970.0,809.9526131377428,0.48175631103309613,0.0024494283094740697
1971.0,810.3633200387644,0.48200125386409,0.00244942830993967
1972.0,810.7680176566687,0.4822461966950558,0.0024494283093712903
1973.0,811.1805999165982,0.4824911395259998,0.0024494283098589137
1974.0,811.5858613564308,0.4827360823570155,0.0024494283096093937
1975.0,811.994940449056,0.4829810251879225,0.002449428309540227
1976.0,812.4044738361129,0.4832259680189277,0.0024494283099057543
1977.0,812.8095594487835,0.4834709108498822,0.0024494283093618725
1978.0,813.2221886634227,0.48371585368083747,0.0024494283099085125
1979.0,813.6269972167206,0.4839607965118418,0.0024494283095355626
1980.0,814.0373371061559,0.48420573934274885,0.002449428309614398
1981.0,814.4455815809154,0.4844506821737653,0.0024494283098551194
1982.0,814.8512458341263,0.48469562500470853,0.002449428309372577
1983.0,815.2636457557354,0.48494056783567513,0.002449428309941195
1984.0,815.6681918911482,0.4851855106666682,0.0024494283094700976
1985.0,816.0795220896395,0.48543045349758496,0.002449428309691623
1986.0,816.4866626363563,0.485675396328603,0.0024494283097912352
1987.0,816.8930963155185,0.4859203391595349,0.0024494283094027
1988.0,817.3049906117299,0.48616528199051284,0.002449428309954764
1989.0,817.709464775202,0.4864102248214946,0.0024494283094173637
1990.0,818.1215089151827,0.4866551676524226,0.0024494283097665206
1991.0,818.5277363634416,0.4869001104834407,0.0024494283097182415
1992.0,818.9351304306808,0.4871450533143613,0.002449428309450034
1993.0,819.3462426305033,0.4873899961453505,0.0024494283099481744
1994.0,819.7508352821874,0.487634938976321,0.0024494283093809523
1995.0,820.1633170971239,0.48787988180726033,0.0024494283098341458
1996.0,820.5688221247023,0.4881248246382784,0.002449428309641286
1997.0,820.977367756336,0.4883697674691877,0.002449428309511586
1998.0,821.387421196,0.4886147103001882,0.0024494283099220433
1999.0,821.7923228469846,0.48885965313114743,0.0024494283093633934
2000.0,822.2049661165496,0.48910459596209804,0.002449428309889891
2001.0,822.6099392878787,0.4893495387931071,0.0024494283095654722
2002.0,823.0197876078013,0.48959448162401414,0.0024494283095830073
2003.0,823.4285456808796,0.48983942445502593,0.0024494283098779276
2004.0,823.8339469298595,0.4900843672859738,0.002449428309365691
2005.0,824.2464754255636,0.49032931011693576,0.002449428309929865
2006.0,824.6511072295957,0.4905742529479335,0.0024494283094959094
2007.0,825.0620604629141,0.49081919577884553,0.002449428309659564
2008.0,825.469635450323,0.4910641386098636,0.0024494283098190437
2009.0,825.8757270203453,0.49130908144080015,0.0024494283093879376
2010.0,826.2878644514508,0.49155402427177336,0.002449428309951542
2011.0,826.6923453390477,0.49179896710275983,0.0024494283094374453
2012.0,827.1041270600982,0.4920439099336832,0.0024494283097361083
2013.0,827.5107098657888,0.49228885276470125,0.002449428309749287
2014.0,827.917682641204,0.49253379559562654,0.002449428309428462
2015.0,828.329152600741,0.4927787384266111,0.0024494283099532883
2016.0,828.7336730217015,0.4930236812575862,0.002449428309393846
2017.0,829.1460069287547,0.49326862408852085,0.002449428309807305
2018.0,829.5517882887275,0.4935135669195389,0.002449428309673349
2019.0,829.9598333524863,0.49375850975045293,0.002449428309484597
2020.0,830.3703592631865,0.49400345258144873,0.0024494283099351505
2021.0,830.7751097030344,0.4942483954124126,0.002449428309368275
2022.0,831.1877195632293,0.49449333824335856,0.0024494283098684855
2023.0,831.5928900842738,0.4947382810743723,0.0024494283095964076
2024.0,832.002199305659,0.4949832239052793,0.0024494283095524514
2025.0,832.4115038156594,0.4952281667362864,0.0024494283098981644
2026.0,832.8166748323232,0.49547310956723895,0.0024494283093622455
2027.0,833.2292844271286,0.49571805239819616,0.0024494283099153725
2028.0,833.6340346249235,0.4959629952291986,0.0024494283095236728
2029.0,834.044563394912,0.496207938060106,0.002449428309627564
2030.0,834.4526056259829,0.49645288089112405,0.00244942830984505
2031.0,834.8583878864928,0.49669782372206533,0.002449428309376392
2032.0,835.2707209575273,0.4969427665530339,0.0024494283099449196
2033.0,835.6752412942129,0.497187709384025,0.002449428309460072
2034.0,836.0867131194638,0.49743265221494365,0.002449428309704714
2035.0,836.493684056705,0.4976775950459617,0.002449428309779215
2036.0,836.9002683740441,0.49792253787689167,0.0024494283094095666
2037.0,837.312048569071,0.4981674807078715,0.002449428309955003
2038.0,837.7165294904116,0.49841242353885135,0.0024494283094098875
2039.0,838.1286680245396,0.4986573663697813,0.0024494283097787556
2040.0,838.534758468831,0.49890230920079937,0.0024494283097052467
2041.0,838.9423358390716,0.49914725203171806,0.0024494283094596515
2042.0,839.3532866579897,0.4993921948627092,0.002449428309945032
2043.0,839.7579186302461,0.49963713769367774,0.0024494283093765483
2044.0,840.1704476184866,0.49988208052461897,0.0024494283098446356
2045.0,840.5758482255214,0.5001270233555795,0.002449428309628086
2046.0,840.9846098653838,0.5003719661864865,0.0024494283095231563
2047.0,841.3944546060261,0.5006169090173935,0.0024494283099156023
2048.0,841.7994281526641,0.5008618518483006,0.002449428309362261
2049.0,842.2120713771371,0.5011067946792076,0.002449428309897847
2050.0,842.6169726957748,0.5013517375101146,0.002449428309552958
2051.0,843.027029492651,0.5015966803410217,0.0024494283095958785
2052.0,843.4355717842934,0.5018416231719287,0.002449428309868844
2053.0,843.8410775226574,0.5020865660028357,0.0024494283093681327
2054.0,844.2535587480602,0.5023315088337428,0.0024494283099349167
2055.0,844.658151258104,0.5025764516646498,0.002449428309484972
2056.0,845.0692657030153,0.5028213944955569,0.0024494283096727467
2057.0,845.4766575570715,0.5030663373264639,0.0024494283098077303
2058.0,845.8828862351563,0.5033112801573709,0.002449428309393623
2059.0,846.2949291547068,0.503556222988278,0.00244942830995328
2060.0,846.6994033042212,0.503801165819185,0.0024494283094288376
2061.0,847.1112989966203,0.504046108650092,0.0024494283097487852
2062.0,847.5177312855546,0.5042910514809991,0.0024494283097365797
2063.0,847.9248738190071,0.5045359943119061,0.002449428309437006
2064.0,848.3362020004596,0.5047809371428131,0.0024494283099515323
2065.0,848.740748242748,0.5050258799737202,0.002449428309388075
2066.0,849.153148896564,0.5052708228046272,0.0024494283098185506
2067.0,849.5588123315624,0.5055157656355342,0.0024494283096601057
2068.0,849.967059841048,0.5057607084664413,0.0024494283094955117
2069.0,850.3773966725948,0.5060056512973483,0.0024494283099301363
2070.0,850.7822055029606,0.5062505941282553,0.002449428309365816
2071.0,851.1948348916341,0.5064955369591624,0.002449428309877578
2072.0,851.5999200612276,0.5067404797900694,0.0024494283095835
2073.0,852.0094573619284,0.5069854226209765,0.0024494283095649323
2074.0,852.4185325461675,0.5072303654518835,0.0024494283098902047
2075.0,852.8237945385865,0.5074753082827905,0.002449428309363317
2076.0,853.236376440607,0.5077202511136976,0.0024494283099217654
2077.0,853.6410738486724,0.5079651939446046,0.0024494283095119985
2078.0,854.0517834194017,0.5082101367755116,0.002449428309640681
2079.0,854.4596289878333,0.5084550796064187,0.002449428309834498
2080.0,854.8655348316686,0.5087000224373257,0.0024494283093806943
2081.0,855.2777929764347,0.5089449652682327,0.0024494283099480113
2082.0,855.6822930796889,0.5091899080991398,0.0024494283094504184
2083.0,856.0938984561792,0.5094348509300468,0.0024494283097177684
2084.0,856.5007053596133,0.5096797937609538,0.0024494283097670857
2085.0,856.907445896505,0.5099247365918609,0.002449428309417092
2086.0,857.3191039103331,0.5101696794227679,0.002449428309954764
2087.0,857.7235971554376,0.510414622253675,0.002449428309402908
2088.0,858.1358220108689,0.510659565084582,0.0024494283097906727
2089.0,858.5417810226194,0.510904507915489,0.0024494283096920806
2090.0,858.9495472836837,0.5111494507463961,0.0024494283094696314
2091.0,859.3603286357792,0.5113943935773031,0.0024494283099413187
2092.0,859.7650054961749,0.5116393364082101,0.0024494283093726586
2093.0,860.1775735859526,0.5118842792391172,0.002449428309854661
2094.0,860.5828753407498,0.5121292220700242,0.0024494283096148993
2095.0,860.9918585842232,0.5123741649009312,0.002449428309535086
2096.0,861.4014865324269,0.5126191077318383,0.0024494283099088373
2097.0,861.8065375450283,0.5128640505627453,0.0024494283093619085
2098.0,862.219172652133,0.5131089933936523,0.0024494283099054832
2099.0,862.6240076843687,0.5133539362245594,0.002449428309540738
2100.0,863.0342648761275,0.5135988790554664,0.0024494283096089
2101.0,863.4425969699543,0.5138438218863735,0.002449428309859332
2102.0,863.8482127718297,0.5140887647172805,0.002449428309371145
2103.0,864.2606386525655,0.5143337075481875,0.002449428309939441
2104.0,864.6651974339836,0.5145786503790946,0.0024494283094744253
2105.0,865.0764650133862,0.5148235932100016,0.0024494283096859384
2106.0,865.4836793118487,0.5150685360409086,0.002449428309796135
2107.0,865.8900506770221,0.5153134788718157,0.0024494283093998235
2108.0,866.301991006986,0.5155584217027227,0.002449428309954434
2109.0,866.7064639839339,0.5158033645336297,0.002449428309420711
2110.0,867.1184655739238,0.5160483073645368,0.0024494283097613147
2111.0,867.5247529191498,0.5162932501954438,0.002449428309723772
2112.0,867.9320707956552,0.5165381930263508,0.002449428309446076
2113.0,868.3432491157452,0.5167831358572579,0.002449428309949298
2114.0,868.7478267461051,0.5170280786881649,0.0024494283093829507
2115.0,869.1602860746636,0.517273021519072,0.0024494283098295488
2116.0,869.5658371541534,0.517517964349979,0.0024494283096468546
2117.0,869.974292701478,0.517762907180886,0.0024494283095066547
2118.0,870.3844323637567,0.5180078500117931,0.0024494283099244967
2119.0,870.7893051536828,0.5182527928427001,0.002449428309363942
2120.0,871.2019459989621,0.5184977356736071,0.002449428309886291
2121.0,871.6069513840973,0.5187426785045142,0.002449428309570798
2122.0,872.0167086795009,0.5189876213354212,0.0024494283095775607
2123.0,872.4255601243709,0.5192325641663282,0.002449428309881654
2124.0,872.8309186649593,0.5194775069972353,0.0024494283093648324
2125.0,873.2434648008866,0.5197224498281423,0.002449428309927554
2126.0,873.6481149848375,0.5199673926590493,0.0024494283095006495
2127.0,874.0589972773444,0.5202123354899564,0.002449428309653957
2128.0,874.4666517631854,0.5204572783208634,0.0024494283098237587
2129.0,874.8726867672093,0.5207022211517705,0.002449428309385676
2130.0,875.2848619093864,0.5209471639826775,0.0024494283099506108
2131.0,875.6893473445313,0.5211921068135845,0.0024494283094411975
2132.0,876.1010781973132,0.5214370496444916,0.0024494283097306235
2133.0,876.5077266418027,0.5216819924753986,0.0024494283097545844
2134.0,876.9146289806463,0.5219269353063056,0.0024494283094249544
2135.0,877.3261567323644,0.5221718781372127,0.0024494283099538807
2136.0,877.7306678673375,0.5224168209681197,0.0024494283093964768
2137.0,878.1429709715256,0.5226617637990267,0.0024494283098024402
2138.0,878.54880412155,0.5229067066299338,0.0024494283096789596
2139.0,878.9567648624734,0.5231516494608408,0.002449428309480058
2140.0,879.367368660659,0.5233965922917478,0.0024494283099370908
2141.0,879.7720959771538,0.5236415351226549,0.002449428309369447
2142.0,880.1846950967268,0.5238864779535619,0.002449428309864461
2143.0,880.5899035671704,0.524131420784469,0.002449428309601923
2144.0,880.9991140110428,0.524376363615376,0.002449428309547258
2145.0,881.4085170719482,0.524621306446283,0.002449428309901467
2146.0,881.813651121399,0.5248662492771901,0.002449428309362031
2147.0,882.2262700386135,0.5251111921080971,0.002449428309912529
2148.0,882.6310443505012,0.5253561349390041,0.0024494283095286965
2149.0,883.0414938560373,0.5256010777699112,0.002449428309621972
2150.0,883.4496213345842,0.5258460206008182,0.00244942830984939
2151.0,883.8553527748588,0.5260909634317252,0.002449428309374728
2152.0,884.2677152360474,0.5263359062626323,0.0024494283099434325
2153.0,884.6722458541525,0.5265808490935393,0.0024494283094642915
2154.0,885.0836584916306,0.5268257919244463,0.0024494283096991587
2155.0,885.4907008113728,0.5270707347553534,0.0024494283097843514
2156.0,885.8972204436069,0.5273156775862604,0.002449428309406574
2157.0,886.3090501051674,0.5275606204171674,0.002449428309954947
2158.0,886.713527475199,0.5278055632480745,0.0024494283094129736
2159.0,887.1256268894322,0.5280505060789815,0.0024494283097735636
2160.0,887.5317748633059,0.5282954489098886,0.0024494283097107857
2161.0,887.9392736690145,0.5285403917407956,0.0024494283094555515
2162.0,888.3502940434078,0.5287853345717026,0.0024494283099464856
2163.0,888.7549086289005,0.5290302774026097,0.002449428309378388
2164.0,889.167418560319,0.5292752202335167,0.0024494283098402394
2165.0,889.5728628532637,0.5295201630644237,0.002449428309633711
2166.0,889.9815320318651,0.5297651058953308,0.0024494283095182288
2167.0,890.3914664334328,0.5300100487262378,0.002449428309918414
2168.0,890.7964087524623,0.5302549915571448,0.0024494283093626688
2169.0,891.2090529823405,0.5304999343880519,0.0024494283098945215
2170.0,891.613984149697,0.5307448772189589,0.0024494283095582475
2171.0,892.0239533562732,0.530989820049866,0.0024494283095903915
2172.0,892.432586646999,0.531234762880773,0.002449428309872767
2173.0,892.8380473088552,0.53147970571168,0.0024494283093670394
2174.0,893.2505496049778,0.531724648542587,0.00244942830993287
2175.0,893.6551581303029,0.5319695913734941,0.0024494283094896453
2176.0,894.0662050664258,0.5322145342044011,0.002449428309667229
2177.0,894.473674048756,0.5324594770353082,0.0024494283098126313
2178.0,894.8798437907016,0.5327044198662152,0.002449428309391124
2179.0,895.2919278532962,0.5329493626971222,0.002449428309952538
2180.0,895.6964041857112,0.5331943055280293,0.0024494283094323435
2181.0,896.1082524403607,0.5334392483589363,0.0024494283097433503
2182.0,896.5147479999966,0.5336841911898433,0.0024494283097420003
2183.0,896.9218177242478,0.5339291340207504,0.0024494283094333956
2184.0,897.3332071320016,0.5341740768516574,0.0024494283099524778
2185.0,897.7377417231894,0.5344190196825644,0.0024494283093905783
2186.0,898.1501150038379,0.5346639625134715,0.002449428309813863
2187.0,898.5558278623711,0.5349089053443785,0.0024494283096657176
2188.0,898.9639886734343,0.5351538481752856,0.002449428309490762
2189.0,899.374406829408,0.5353987910061926,0.002449428309932254
2190.0,899.7791901703861,0.5356437338370996,0.00244942830936674
2191.0,900.1918122479914,0.5358886766680067,0.0024494283098737664
2192.0,900.5969330015744,0.5361336194989137,0.0024494283095890168
2193.0,901.0063743836293,0.5363785623298207,0.0024494283095596856
2194.0,901.4155463213294,0.5366235051607278,0.0024494283098937157
2195.0,901.8207689791242,0.5368684479916348,0.002449428309362823
2196.0,902.233363633635,0.5371133908225418,0.0024494283099190913
2197.0,902.638082791025,0.5373583336534489,0.0024494283095168766
2198.0,903.048716530151,0.5376032764843559,0.002449428309635076
2199.0,903.4566449749034,0.5378482193152629,0.002449428309839055
2200.0,903.8624976292575,0.53809316214617,0.0024494283093788633
2201.0,904.2747885954573,0.538338104977077,0.0024494283099468273
2202.0,904.6792966155432,0.538583047807984,0.002449428309454493
2203.0,905.0908462353201,0.5388279906388911,0.0024494283097122177
2204.0,905.4977221523623,0.5390729334697981,0.0024494283097722222
2205.0,905.9043956326074,0.5393178763007052,0.0024494283094137707
2206.0,906.3161065461173,0.5395628191316122,0.0024494283099548786
2207.0,906.7205938750479,0.5398077619625192,0.0024494283094057628
2208.0,907.1327830405402,0.5400527047934263,0.002449428309785626
2209.0,907.5387972147588,0.5402976476243333,0.0024494283096977
2210.0,907.9464825369874,0.5405425904552403,0.0024494283094653696
2211.0,908.3573368802479,0.5407875332861474,0.002449428309943014
2212.0,908.7619939882824,0.5410324761170544,0.0024494283093742996
2213.0,909.1745464507695,0.5412774189479614,0.00244942830985049
2214.0,909.5798895256651,0.5415223617788685,0.002449428309620514
2215.0,909.9887779303382,0.5417673046097755,0.0024494283095299867
2216.0,910.3984989783768,0.5420122474406825,0.002449428309911763
2217.0,910.8035163965843,0.5422571902715896,0.0024494283093619697
2218.0,911.2161559388752,0.5425021331024966,0.0024494283099022705
2219.0,911.6210184548518,0.5427470759334037,0.0024494283095458664
2220.0,912.0311914901051,0.5429920187643107,0.00244942830960329
2221.0,912.4396122107778,0.5432369615952177,0.002449428309863365
2222.0,912.8451805677155,0.5434819044261248,0.002449428309369759
2223.0,913.2576309498729,0.5437268472570318,0.0024494283099375886
2224.0,913.6622033819657,0.5439717900879388,0.0024494283094789156
2225.0,914.073406884297,0.5442167329188459,0.0024494283096804462
2226.0,914.4806959412622,0.5444616757497529,0.002449428309801193
2227.0,914.8870059997626,0.5447066185806599,0.0024494283093971715
2228.0,915.2989909050629,0.544951561411567,0.0024494283099540065
2229.0,915.7034637002168,0.545196504242474,0.0024494283094240892
2230.0,916.1154212827875,0.545441447073381,0.002449428309756008
2231.0,916.5217695309217,0.5456863899042881,0.002449428309729241
2232.0,916.9290122251243,0.5459313327351951,0.0024494283094421945
2233.0,917.3402552060697,0.5461762755661022,0.0024494283099503566
2234.0,917.7448188200907,0.5464212183970092,0.002449428309385109
2235.0,918.157254205107,0.5466661612279162,0.002449428309824972
2236.0,918.5628523418368,0.5469111040588233,0.002449428309652522
2237.0,918.9712188145991,0.5471560468897303,0.0024494283095018864
2238.0,919.3814432387971,0.5474009897206373,0.00244942830992693
2239.0,919.786288173098,0.5476459325515444,0.0024494283093646325
2240.0,920.198925136905,0.5478908753824514,0.002449428309882603
2241.0,920.6039637407625,0.5481358182133584,0.0024494283095761443
2242.0,921.0136285523802,0.5483807610442655,0.0024494283095721713
2243.0,921.4225743773062,0.5486257038751725,0.002449428309885369
2244.0,921.8278912155779,0.5488706467060795,0.002449428309364169
2245.0,922.2404535342341,0.5491155895369866,0.0024494283099252036
2246.0,922.6451231028053,0.5493605323678936,0.002449428309505479
2247.0,923.055932996203,0.5496054751988007,0.0024494283096483365
2248.0,923.4636679876306,0.5498504180297077,0.002449428309828354
2249.0,923.8696474325678,0.5500953608606147,0.0024494283093834785
2250.0,924.28185882773,0.5503403036915218,0.0024494283099495786
2251.0,924.686349815104,0.5505852465224288,0.0024494283094450824
2252.0,925.0980283419944,0.5508301893533358,0.0024494283097252004
2253.0,925.5047434315373,0.5510751321842429,0.002449428309759946
2254.0,925.911576341754,0.5513200750151499,0.0024494283094215683
2255.0,926.323160426689,0.5515650178460569,0.0024494283099543226
2256.0,926.7276632805306,0.551809960676964,0.002449428309399132
2257.0,927.1399341246148,0.552054903507871,0.0024494283097974585
2258.0,927.5458200702489,0.552299846338778,0.0024494283096845493
2259.0,927.9536974975135,0.5525447891696851,0.002449428309475612
2260.0,928.3643777230565,0.5527897320005921,0.0024494283099390024
2261.0,928.769082921422,0.5530346748314992,0.0024494283093707777
2262.0,929.1816698432308,0.5532796176624062,0.002449428309860356
2263.0,929.5869172681364,0.5535245604933132,0.0024494283096074244
2264.0,929.9960304950681,0.5537695033242203,0.002449428309542054
2265.0,930.4055300953364,0.5540144461551273,0.0024494283099046436
2266.0,930.8106281833598,0.5542593889860343,0.0024494283093618938
2267.0,931.223254965651,0.5545043318169414,0.0024494283099096054
2268.0,931.6280543963979,0.5547492746478484,0.0024494283095338235
2269.0,932.0384231788187,0.5549942174787554,0.002449428309616471
2270.0,932.4466369124308,0.5552391603096625,0.002449428309853703
2271.0,932.8523185390111,0.5554841031405695,0.0024494283093731296
2272.0,933.2647089325469,0.5557290459714765,0.0024494283099417667
2273.0,933.6692508367375,0.5559739888023836,0.0024494283094685194
2274.0,934.0806028285759,0.5562189316332906,0.0024494283096935434
2275.0,934.4877175374215,0.5564638744641976,0.0024494283097893773
2276.0,934.894173492043,0.5567088172951047,0.0024494283094036217
2277.0,935.3060511615713,0.5569537601260117,0.002449428309954789
2278.0,935.7105259850539,0.5571987029569188,0.002449428309416222
2279.0,936.1225848220292,0.5574436457878258,0.002449428309768437
2280.0,936.5287913313077,0.5576885886187328,0.002449428309716365
2281.0,936.9362125811263,0.5579335314496399,0.002449428309451475
2282.0,937.3473010513835,0.5581784742805469,0.002449428309947715
2283.0,937.7518992551601,0.5584234171114539,0.0024494283093802285
2284.0,938.1643886726091,0.558668359942361,0.0024494283098357348
2285.0,938.5698776567081,0.558913302773268,0.002449428309639299
2286.0,938.97845538404,0.559158245604175,0.002449428309513301
2287.0,939.3884779855896,0.5594031884350821,0.002449428309921085
2288.0,939.7933900825399,0.5596481312659891,0.0024494283093631527
2289.0,940.2060338606042,0.5598930740968961,0.002449428309891071
2290.0,940.6109958815449,0.5601380169278032,0.002449428309563532
2291.0,941.0208760387413,0.5603829597587102,0.002449428309584911
2292.0,941.4296013366097,0.5606279025896173,0.002449428309876609
2293.0,941.8350179281622,0.5608728454205243,0.0024494283093660536
2294.0,942.2475398374294,0.5611177882514313,0.0024494283099306823
2295.0,942.6521653827201,0.5613627310823384,0.002449428309494258
2296.0,943.0631433518931,0.5616076739132454,0.0024494283096615464
2297.0,943.470690469483,0.5618526167441524,0.0024494283098173597
2298.0,943.8768022823633,0.5620975595750595,0.002449428309388751
2299.0,944.2889260297861,0.5623425024059665,0.0024494283099518255
2300.0,944.6934055497993,0.5625874452368735,0.0024494283094360875
2301.0,945.1052049091624,0.5628323880677806,0.0024494283097379905
2302.0,945.5117647456208,0.5630773308986876,0.0024494283097473758
2303.0,945.918762668812,0.5633222737295946,0.0024494283094297136
2304.0,946.3302118437239,0.5635672165605017,0.0024494283099530862
2305.0,946.7347357887162,0.5638121593914087,0.0024494283093929887
2306.0,947.1470802389953,0.5640571022223158,0.0024494283098090708
2307.0,947.5528435265222,0.5643020450532228,0.0024494283096714036
2308.0,947.9609186485708,0.5645469878841298,0.002449428309486233
2309.0,948.3714166686158,0.5647919307150369,0.0024494283099344306
2310.0,948.7761755255121,0.5650368735459439,0.0024494283093678512
2311.0,949.1887888348944,0.5652818163768509,0.0024494283098698663
2312.0,949.5939461774653,0.565526759207758,0.0024494283095944616
2313.0,950.0032901813267,0.565771702038665,0.0024494283095543284
2314.0,950.4125598810538,0.566016644869572,0.002449428309897031
2315.0,950.8177442101248,0.5662615877004791,0.002449428309362416
2316.0,951.2303501597329,0.5665065305313861,0.0024494283099164103
2317.0,951.6350920711834,0.5667514733622931,0.002449428309521914
2318.0,952.0456485201997,0.5669964161932002,0.0024494283096295156
2319.0,952.4536608486785,0.5672413590241072,0.0024494283098434487
2320.0,952.8594613202413,0.5674863018550143,0.002449428309376941
2321.0,953.2717836499581,0.5677312446859213,0.002449428309945333
2322.0,953.6763005915444,0.5679761875168283,0.0024494283094584988
2323.0,954.0877929968475,0.5682211303477354,0.0024494283097065894
2324.0,954.4947389339521,0.5684660731786424,0.00244942830977731
2325.0,954.9013463652255,0.5687110160095494,0.002449428309410512
2326.0,955.3131087196932,0.5689559588404565,0.0024494283099547234
2327.0,955.7175911372459,0.5692009016713635,0.0024494283094083293
2328.0,956.1297431554932,0.5694458445022705,0.0024494283097798238
2329.0,956.5358134978887,0.5696907873331776,0.002449428309702199
2330.0,956.94341889014,0.5699357301640846,0.0024494283094595743
2331.0,957.354344764747,0.5701806729949916,0.0024494283099422923
2332.0,957.7589831255368,0.5704256158258987,0.0024494283093727236
2333.0,958.1715185035937,0.5706705586568057,0.0024494283098415153
2334.0,958.5769039037529,0.5709155014877128,0.0024494283096193788
2335.0,958.9856984798683,0.5711604443186198,0.002449428309515207
2336.0,959.3955111665412,0.5714053871495268,0.0024494283099005454
2337.0,959.8004959959857,0.5716503299804339,0.0024494283093417914
2338.0,960.2131385162023,0.5718952728113409,0.002449428309869548
2339.0,960.6180295207399,0.5721402156422479,0.0024494283095084944
2340.0,961.0281169405847,0.572385158473155,0.0024494283095362647
2341.0,961.4366272959629,0.572630101304062,0.0024494283097785314
2342.0,961.8421492143001,0.572875044134969,0.002449428309240175
2343.0,962.254622640211,0.5731199869658761,0.0024494283097502728
2344.0,962.659209727647,0.5733649297967831,0.0024494283092156874
2345.0,963.0703476948665,0.5736098726276901,0.002449428309288158
2346.0,963.4777125171487,0.5738548154585972,0.002449428309247685
2347.0,963.8839622762049,0.5740997582895042,0.0024494283085881832
2348.0,964.2959902984679,0.5743447011204112,0.0024494283087890716
2349.0,964.7004639165197,0.5745896439512784,0.002449428307746221
2350.0,965.1123760341695,0.5748345867819634,0.0024494283073230455
2351.0,965.518786191147,0.5750795296126484,0.0024494283062297577
2352.0,965.9259547113004,0.5753244724431633,0.002449428304378399
2353.0,966.3372608936477,0.5755694152735404,0.002449428302646748
2354.0,966.7418114961055,0.5758143581036361,0.0024494282988431733
2355.0,967.1542214801336,0.5760593009333169,0.0024494282946005805
2356.0,967.5598676790894,0.576304243762459,0.00244942828769099
2357.0,967.9681460863435,0.5765491865907463,0.00244942827779314
2358.0,968.3784538110701,0.5767941294178973,0.0024494282641754858
2359.0,968.7832718939318,0.5770390722433337,0.0024494282433399077
2360.0,969.195903517333,0.5772840150663135,0.002449428214606229
2361.0,969.6009763423643,0.5775289578857882,0.0024494281721156672
2362.0,970.0105472069822,0.5777739007001257,0.0024494281112354783
2363.0,970.4195884151547,0.5780188435071529,0.0024494280237636014
2364.0,970.8248645492107,0.5782637863035487,0.0024494278966116782
2365.0,971.237441581787,0.5785087290846556,0.00244942771455084
2366.0,971.6421315233983,0.5787536718437272,0.002449427450787615
2367.0,972.0528675343714,0.5789986145709587,0.0024494270711839894
2368.0,972.4606840048746,0.5792435572523755,0.0024494265238699333
2369.0,972.8666088456175,0.5794884998676453,0.0024494257341052344
2370.0,973.278854962513,0.5797334423876266,0.0024494245968761322
2371.0,973.6833524001036,0.5799783847702418,0.002449422956431263
2372.0,974.0949769823352,0.5802233269548388,0.0024494205932857937
2373.0,974.5017595026485,0.580468268854162,0.0024494171877433115
2374.0,974.9085236512616,0.5807132103423515,0.002449412280809969
2375.0,975.3201621381326,0.5809581512383335,0.0024494052133639
2376.0,975.7246570167856,0.581203091281282,0.0024493950331794735
2377.0,976.1368931038207,0.5814480300957627,0.00244938037540764
2378.0,976.5428314081003,0.5816929671415895,0.002449359273180964
2379.0,976.9506242945116,0.581937901641495,0.002449328902042617
2380.0,977.3613764406545,0.5821828324778887,0.0024492852048869328
2381.0,977.7660559480244,0.5824277580441258,0.0024492223543079415
2382.0,978.1786225093874,0.582672676031935,0.0024491319949053107
2383.0,978.5839004627148,0.5829175831269279,0.0024490021456212963
2384.0,978.9929028176034,0.5831624745731683,0.002448815654445236
2385.0,979.4024778666401,0.5834073435522302,0.002448547991084839
2386.0,979.8075110380421,0.5836521802979899,0.0024481641248995357
2387.0,980.2201010542133,0.5838969708392437,0.0024476141264955556
2388.0,980.6248650532891,0.5841416952173589,0.002446826975621829
2389.0,981.0350568795287,0.5843863249691742,0.002445701930484672
2390.0,981.4432306477671,0.5846308195876301,0.0024440965425218636
2391.0,981.8486681116668,0.5848751215699998,0.0024418101879992472
2392.0,982.2608085030907,0.5851191495368118,0.0024385616844322553
2393.0,982.6649634552566,0.5853627887461544,0.002433959293043668
2394.0,983.0756487210501,0.5856058781526421,0.0024274613102243585
2395.0,983.4820181760643,0.5858481929828437,0.0024183255762228006
2396.0,983.887154055689,0.5860894216676286,0.0024055470990882784
2397.0,984.2973392928842,0.5863291359779502,0.0023877849446648455
2398.0,984.6992790200617,0.5865667535008712,0.0023632834737918077
2399.0,985.1075461798611,0.5868014924169646,0.0023297998772441866
